Date,BB_upper,EMA_long
2017-05-02,11.300287567044704,10.85010915736564
2017-05-03,11.431979490721943,10.879724744346053
2017-05-04,11.545282547384714,10.907871927426712
2017-05-05,11.60287979411268,10.92819907608212
2017-05-08,11.652754864310545,10.948313104324573
2017-05-09,11.707790671185002,10.967346448006946
2017-05-10,11.773009944970315,10.989575539087806
2017-05-11,11.86254445432484,11.017648974834746
2017-05-12,11.955252104761016,11.04739552442475
2017-05-15,12.059902801182968,11.080647836227811
2017-05-16,12.148526577276652,11.113326313738735
2017-05-17,12.18830055322167,11.145452974076187
2017-05-18,12.219968953701809,11.167121408303592
2017-05-19,12.30926237940514,11.127786438022577
2017-05-22,12.35067228141325,11.096564270650866
2017-05-23,12.418030141253055,11.055032166433111
2017-05-24,12.476907405153176,11.017756836807749
2017-05-25,12.515430914086334,10.986469722312355
2017-05-26,12.55275009662092,10.953635258798538
2017-05-29,12.546220095187834,10.931286703584089
2017-05-30,12.534607334229346,10.909814562299616
2017-05-31,12.481846985635224,10.891520556457674
2017-06-01,12.427799810887024,10.866205512615275
2017-06-02,12.386405210767872,10.839693130571847
2017-06-05,12.339022618559918,10.808653572307714
2017-06-06,12.27995905215785,10.778539015892823
2017-06-07,12.188817078880229,10.754865366417992
2017-06-08,12.052407662812117,10.738548608226376
2017-06-09,11.88157265834722,10.71673525876736
2017-06-12,11.652894827295334,10.687595482324433
2017-06-13,11.371712333634502,10.65331600980604
2017-06-14,10.99368826222632,10.61731257955926
2017-06-15,10.51031831550684,10.597477531728046
2017-06-16,10.508117747526544,10.57842032890982
2017-06-19,10.486618854842083,10.5582112717262
2017-06-20,10.486958924220705,10.53981740204712
2017-06-21,10.496052959701585,10.512940145684768
2017-06-22,10.498884903665052,10.48492535579674
2017-06-23,10.495036114095804,10.462830700670809
2017-06-26,10.459560169630006,10.438388171374433
2017-06-27,10.440469284347325,10.432290702598586
2017-06-28,10.388280169108508,10.421903294818218
2017-06-29,10.389474729577008,10.415283573264666
2017-06-30,10.407499272848431,10.41082271908515
2017-07-03,10.476698808514035,10.413842170021285
2017-07-04,10.558553357132848,10.420269636945903
2017-07-05,10.62645241739218,10.427018746893625
2017-07-06,10.672704110546164,10.433650388298666
2017-07-07,10.701792564775465,10.4339869272657
2017-07-10,10.734582264770175,10.43475176373619
2017-07-11,10.771891459471073,10.440049919524109
2017-07-12,10.825209601720683,10.452352887253308
2017-07-13,10.959961607774291,10.475360396780156
2017-07-14,11.096636237596815,10.501292727363689
2017-07-17,11.212408963337737,10.52664971111367
2017-07-18,11.295694876534933,10.548068067635848
2017-07-19,11.374812926075094,10.574092791732657
2017-07-20,11.39872477044851,10.593650635289384
2017-07-21,11.412977932581256,10.610969704626324
2017-07-24,11.38547708179924,10.625843202944631
2017-07-25,11.414600751857668,10.64381337551365
2017-07-26,11.44905312635565,10.668144140955746
2017-07-27,11.460654817266027,10.687693719800198
2017-07-28,11.461525775302098,10.705887950948217
2017-07-31,11.475546683171354,10.7239573803812
2017-08-01,11.515895161350045,10.74779466311958
2017-08-02,11.57414063313796,10.77614371537393
2017-08-03,11.65362776546929,10.809552060895896
2017-08-04,11.690109518285798,10.841502848391304
2017-08-07,11.70461390066952,10.87264249552901
2017-08-08,11.747327767752594,10.907863297036108
2017-08-09,11.829710810422611,10.946563413341256
2017-08-10,11.920535210946506,10.984040469892882
2017-08-11,11.977083426956051,11.015629072154953
2017-08-14,12.04611647013791,11.050103079631912
2017-08-15,12.15243493169993,11.092504416345662
2017-08-16,12.253320637075554,11.134421360405367
2017-08-17,12.331211615749112,11.174694502737244
2017-08-18,12.37149882003086,11.209411222461778
2017-08-21,12.438112492477524,11.252487472799713
2017-08-22,12.493853556902636,11.293727368179828
2017-08-23,12.610307515237292,11.344249089035522
2017-08-24,12.718672694458958,11.397208294334431
2017-08-25,12.805837563007268,11.449710829820091
2017-08-28,12.867856298121922,11.50059638624345
2017-08-29,12.88953158287915,11.541827229121694
2017-08-30,12.94887190300114,11.58983676389754
2017-08-31,12.983918672555912,11.63095562228952
2017-09-01,13.00057888593452,11.669431073194296
2017-09-04,13.04793354611435,11.716707725025314
2017-09-05,13.09190460701728,11.761968078881264
2017-09-06,13.105708204961482,11.798232220177912
2017-09-07,13.13776724068602,11.840590239071537
2017-09-08,13.13553938877941,11.88128715918502
2017-09-11,13.114345381110176,11.916409205403982
2017-09-12,13.21192414408826,11.969459014767638
2017-09-13,13.284999011890443,12.019691716691195
2017-09-14,13.350971494695672,12.070165200598812
2017-09-15,13.35510096246458,12.11468030375634
2017-09-18,13.44334219482499,12.16850254012816
2017-09-19,13.536616366997407,12.224782237938411
2017-09-20,13.644652082727118,12.280475910719645
2017-09-21,13.722327572606863,12.330890938242357
2017-09-22,13.790609850701497,12.37947637009083
2017-09-25,13.843439902091028,12.424830434798704
2017-09-26,13.842002835891057,12.45941612583936
2017-09-27,13.850069673301975,12.492056032346063
2017-09-28,13.83251316660703,12.517962944974936
2017-09-29,13.803083219313464,12.536370036864035
2017-10-02,13.798548536134216,12.5612760551483
2017-10-03,13.797851771474283,12.590363398521198
2017-10-04,13.860257887241586,12.640707233979102
2017-10-05,13.907314759624931,12.685537996484095
2017-10-06,13.941745579959472,12.72905308255708
2017-10-09,13.916816089536155,12.765258801959044
2017-10-10,13.937114743028753,12.799749648573394
2017-10-11,14.009063416561784,12.845126022780592
2017-10-12,14.055606293340626,12.885479167091068
2017-10-13,14.089706113311236,12.924249835154075
2017-10-16,14.110804919920126,12.957371236056524
2017-10-17,14.121697263163584,12.98771945279703
2017-10-18,14.126147726388975,13.015550365333349
2017-10-19,14.130302604981244,13.039930628872092
2017-10-20,14.130832779040876,13.06114336380134
2017-10-23,14.130154837583564,13.078870169849512
2017-10-24,14.127309044170396,13.090888434649187
2017-10-25,14.12443559454482,13.109512929940404
2017-10-26,14.106068236830197,13.129029009786011
2017-10-27,14.041551110853913,13.14291395720881
2017-10-30,14.00376268290624,13.155222109890266
2017-10-31,14.018915022553646,13.157611001256203
2017-11-01,14.051002265677702,13.152976065044928
2017-11-02,14.159510208338816,13.132598474701656
2017-11-03,14.21156923900103,13.113020005548316
2017-11-06,14.23120478102651,13.099210387614264
2017-11-07,14.237201898905113,13.085942323324684
2017-11-08,14.241431704616934,13.055933556341706
2017-11-09,14.180831026912577,13.04465755114749
2017-11-10,14.15034809308299,13.015677563933757
2017-11-13,14.111764363364964,12.988276888280582
2017-11-14,14.052938750806396,12.964311223757113
2017-11-15,14.007336273667532,12.930958143540074
2017-11-16,13.94876033505718,12.898913027253116
2017-11-17,13.860881233016311,12.880517187245374
2017-11-20,13.77217681075767,12.871399380487878
2017-11-21,13.698593541573771,12.862639134779696
2017-11-22,13.596612400133155,12.865582372181963
2017-11-23,13.45797053016296,12.862656615260269
2017-11-24,13.327087674475733,12.85615745483014
2017-11-27,13.173218813757057,12.845487067436563
2017-11-28,13.06665356812015,12.834497468873453
2017-11-29,12.996592240067477,12.82541396343289
2017-11-30,12.988579283296334,12.80724481197263
2017-12-01,12.981777909279156,12.786689894096368
2017-12-04,12.956322370530888,12.765761038410105
2017-12-05,12.924992552974103,12.753904000151088
2017-12-06,12.9247281997169,12.737493073748777
2017-12-07,12.889319938655271,12.726744583123535
2017-12-08,12.88864364958359,12.712875169336542
2017-12-11,12.888486859027484,12.700878103752686
2017-12-12,12.888812892842644,12.689351511328985
2017-12-13,12.887617857207314,12.687871952932428
2017-12-14,12.862560881150506,12.678036428432568
2017-12-15,12.864793429136329,12.664748165149788
2017-12-18,12.853818480137653,12.650062329703408
2017-12-19,12.836457112774449,12.63979051840769
2017-12-20,12.743967433187594,12.626821408531026
2017-12-21,12.6804839557365,12.61878915634005
2017-12-22,12.706414575943729,12.625391108597452
2017-12-25,12.761703630757658,12.633210149416184
2017-12-26,12.812219816451025,12.6407225611832
2017-12-27,12.859761706256498,12.648998124280563
2017-12-28,12.917252420098098,12.657554495589224
2017-12-29,13.00961028108672,12.673340391188628
2018-01-02,13.0825719017154,12.688507232058644
2018-01-03,13.224903787359809,12.71442708424574
2018-01-04,13.353883228191576,12.741737171625866
2018-01-05,13.52124176431902,12.776604933407045
2018-01-08,13.675643213906778,12.81313337883218
2018-01-09,13.80402888474131,12.848077945078575
2018-01-10,13.88628870438789,12.876656640512746
2018-01-11,13.94131591505206,12.898512981651011
2018-01-12,14.023972211190806,12.930109328179022
2018-01-15,14.081326454361472,12.960466602294169
2018-01-16,14.129611505008034,12.99341806094587
2018-01-17,14.183340369987643,13.028710468087374
2018-01-18,14.27183804319698,13.076243723728592
2018-01-19,14.336749720745368,13.121307328238569
2018-01-22,14.442179706202351,13.16853963997297
2018-01-23,14.570279210658349,13.221640614055008
2018-01-24,14.682614360085516,13.275232659090152
2018-01-25,14.976190985200551,13.3571517360195
2018-01-26,15.201384807246905,13.435858300128093
2018-01-29,15.54241602384954,13.53267226673277
2018-01-30,15.698535224731692,13.607523009044376
2018-01-31,15.875706331766432,13.68549418523927
2018-02-01,16.05146263054834,13.76570624535301
2018-02-02,16.137133519944452,13.826423054198408
2018-02-05,16.15688334481036,13.866114217037843
2018-02-06,16.15205438081169,13.894857714802406
2018-02-07,16.15138882991949,13.93610568765894
2018-02-08,16.101092549546625,13.96695125653866
2018-02-09,16.06178039481826,13.989468633577642
2018-02-14,16.01287684908239,14.004590502611668
2018-02-15,15.97334926340288,14.039717787433329
2018-02-16,15.93131859400535,14.075890799412235
2018-02-19,15.915847043890604,14.109585374445816
2018-02-20,15.8882723342294,14.139080441907806
2018-02-21,15.893208352379933,14.185139380422145
2018-02-22,15.9152002214359,14.232572571199286
2018-02-23,15.944999122183992,14.281780818948096
2018-02-26,15.981533429862496,14.334663271370244
2018-02-27,16.016618695427137,14.38547190212878
2018-02-28,15.93699802054796,14.427623911036374
2018-03-01,15.903631524417452,14.449039315930628
2018-03-02,15.844981999609582,14.472946665096703
2018-03-05,15.757384470710909,14.499689618142847
2018-03-06,15.750583881299727,14.529323587429833
2018-03-07,15.772433328263034,14.558856300103962
2018-03-08,15.759247339527375,14.576623316057107
2018-03-09,15.760972182260817,14.5859657576063
2018-03-12,15.760249297381206,14.607367532059564
2018-03-13,15.743461904868894,14.632627484331834
2018-03-14,15.665888532231865,14.648259328459313
2018-03-15,15.6631955555891,14.660095654400266
2018-03-16,15.681645562061926,14.662982128826073
2018-03-19,15.692820966988508,14.66727081536462
2018-03-20,15.716765272695271,14.665481491876056
2018-03-21,15.722326291714149,14.663156287257737
2018-03-22,15.699946514979466,14.663801278999008
2018-03-23,15.647869743697903,14.667906376080524
2018-03-26,15.549702706714037,14.675790285859303
2018-03-27,15.43403049246747,14.6866987689238
2018-03-28,15.348101248404388,14.69005739114479
2018-03-29,15.343406066177108,14.69707263366615
2018-04-02,15.375405026193864,14.719269173978107
2018-04-03,15.370899907967548,14.735109914055808
2018-04-04,15.378549091469123,14.756983440040292
2018-04-05,15.356425715558707,14.77282906912936
2018-04-06,15.381797588950908,14.789887422404158
2018-04-09,15.404700264972996,14.804442699243662
2018-04-10,15.398580487801892,14.795912426262351
2018-04-11,15.357171354878211,14.792553261135009
2018-04-12,15.359758924374512,14.802834680763828
2018-04-13,15.354143524483984,14.80203901052688
2018-04-16,15.374858142590735,14.788599837389356
2018-04-17,15.43966140428686,14.76334624741926
2018-04-18,15.46175503169354,14.746087563869269
2018-04-19,15.462718114801202,14.748351081309924
2018-04-20,15.463686189987758,14.74952526070737
2018-04-23,15.465384598399094,14.742481564331111
2018-04-24,15.461780936326592,14.735547179637292
2018-04-25,15.4490720507679,14.729885715640428
2018-04-26,15.448976378081824,14.731450652403092
2018-04-27,15.443678843338546,14.732954219096634
2018-04-30,15.395131509793858,14.740736530508345
2018-05-02,15.355167677988272,14.739207339988065
2018-05-03,15.285139894536854,14.722895280258903
2018-05-04,15.265912623067294,14.695691902090434
2018-05-07,15.211164152553524,14.67005594598345
2018-05-08,15.163493033802553,14.640419054913268
2018-05-09,15.196539585313008,14.60910783085752
2018-05-10,15.191836972284314,14.583362930702014
2018-05-11,15.1045955625102,14.569640852474995
2018-05-14,15.070504184069858,14.54644492279719
2018-05-15,15.08460294938538,14.516315956433283
2018-05-16,15.111851923387832,14.484198093345428
2018-05-17,15.111920271551204,14.462017031210747
2018-05-18,15.109019967736172,14.418011470035914
2018-05-21,15.075081280848789,14.378067558232749
2018-05-22,15.077581210321997,14.332181179366984
2018-05-23,15.028362670729248,14.302945443779064
2018-05-24,14.989377746192696,14.260839364316372
2018-05-25,14.89333401480725,14.22121906218048
2018-05-28,14.798184725740311,14.172806627009953
2018-05-29,14.708560413010067,14.104766531634905
2018-05-30,14.615974647128905,14.041397092166685
2018-06-01,14.580150764019743,13.97750902864929
2018-06-04,14.533849955334048,13.92797426810962
2018-06-05,14.462526854315902,13.885541126058772
2018-06-06,14.451431010457815,13.820560444441252
2018-06-07,14.449356823184134,13.750113645084811
2018-06-08,14.424359764970312,13.674080439360267
2018-06-11,14.31457844063842,13.597021625899314
2018-06-12,14.246321165284328,13.514302026927256
2018-06-13,14.179092293058233,13.433657503075253
2018-06-14,14.117923140735368,13.346991999893325
2018-06-15,14.027273282144668,13.245858784857486
2018-06-18,13.972902838780096,13.156205522094902
2018-06-19,13.91168455588439,13.056209128796317
2018-06-20,13.794555598844926,12.981673813397268
2018-06-21,13.559384476825617,12.91941209731917
2018-06-22,13.393146300396772,12.841057973909727
2018-06-25,13.173696999054286,12.773958189281164
2018-06-26,12.98315112118652,12.708821897542256
2018-06-27,12.88555962150353,12.643902458337264
2018-06-28,12.76815976713171,12.574515820363349
2018-06-29,12.641373016089725,12.522377117789262
2018-07-02,12.42665932403452,12.480464548681049
2018-07-03,12.10432006973535,12.434351680517963
2018-07-04,12.007088084539069,12.41058257308267
2018-07-05,11.999600828243064,12.394262175008064
2018-07-06,12.033592961823482,12.37757927514322
2018-07-10,12.091352472863468,12.362887321446294
2018-07-11,12.141050269487682,12.342588945700523
2018-07-12,12.182822469598456,12.321248611188716
2018-07-13,12.297123314176789,12.31427977323654
2018-07-16,12.432343146638408,12.31710862454363
2018-07-17,12.566919629648991,12.32199863660819
2018-07-18,12.72433442998623,12.340733062082617
2018-07-19,12.82560973087744,12.346367949205488
2018-07-20,12.948455814413878,12.357964026069611
2018-07-23,13.119202326894282,12.38631603471716
2018-07-24,13.239819850302334,12.4077078949902
2018-07-25,13.371112765005954,12.435780038481411
2018-07-26,13.514600968573982,12.47210880339199
2018-07-27,13.524214882092275,12.493645239262532
2018-07-30,13.577265404896991,12.520018352617797
2018-07-31,13.644590681784596,12.549200122339837
2018-08-01,13.617433002302622,12.567212297526494
2018-08-02,13.660323953836896,12.591201686905242
2018-08-03,13.702633245555049,12.61440036067531
2018-08-06,13.819511316222254,12.65641848540172
2018-08-07,13.892921953875229,12.69311064958911
2018-08-08,13.883269577732491,12.720338380714004
2018-08-09,13.791553114022456,12.73395866238618
2018-08-10,13.729208474117629,12.741694440657342
2018-08-13,13.743927990703236,12.72388017879802
2018-08-14,13.73498464641507,12.716127577684484
2018-08-15,13.736532695072269,12.717038909201644
2018-08-16,13.72701223055512,12.711895358730692
2018-08-17,13.731068728830158,12.706953516121349
2018-08-20,13.775494154649506,12.687157762114254
2018-08-21,13.802204610233623,12.671147809136505
2018-08-22,13.842027635844946,12.644061869650129
2018-08-23,13.8005475333224,12.629574740774162
2018-08-24,13.817508568726508,12.603617522402716
2018-08-27,13.793864193318711,12.582858431785745
2018-08-28,13.731868909567842,12.575620142346557
2018-08-29,13.699453704688532,12.565656098247564
2018-08-30,13.6391440920126,12.561934621379438
2018-08-31,13.58561707076844,12.53745981702301
2018-09-03,13.38482279961863,12.52029829940873
2018-09-04,13.171569582233168,12.499629697059923
2018-09-05,13.000015167881774,12.469214154262
2018-09-06,12.88110838000809,12.442835309457818
2018-09-10,12.760778452874366,12.43070829419626
2018-09-11,12.754733648009145,12.420897551788288
2018-09-12,12.725873485827464,12.397082842881703
2018-09-13,12.636475487220896,12.374369442020097
2018-09-14,12.57363258968476,12.350706433123186
2018-09-17,12.491681411925503,12.32997915028797
2018-09-18,12.48700346502796,12.323281954917263
2018-09-19,12.483764573322327,12.3206956388213
2018-09-20,12.513741637439225,12.320385423519312
2018-09-21,12.515570197417649,12.319083808950484
2018-09-24,12.573697704059034,12.32552961421759
2018-09-25,12.578083545787855,12.31867241386588
2018-09-26,12.54706854780018,12.312418619923491
2018-09-27,12.530367094160995,12.307581334458892
2018-09-28,12.529391504630851,12.313808775185915
2018-10-01,12.544041136029504,12.31058986817562
2018-10-02,12.5437986888264,12.30214337739746
2018-10-03,12.678579835674345,12.321970292835571
2018-10-04,12.949652637150832,12.362784400028104
2018-10-05,13.17505102827633,12.404509333762928
2018-10-08,13.314177559278171,12.43672909790544
2018-10-09,13.677709958439708,12.502843910623051
2018-10-10,13.970166844671937,12.568375209076237
2018-10-11,14.105312365963792,12.61325495025006
2018-10-15,14.19677900011419,12.653193842438286
2018-10-16,14.280995436496404,12.694412566912405
2018-10-17,14.49607161690089,12.759630338563626
2018-10-18,14.68373765346224,12.822960403902297
2018-10-19,14.775115283210049,12.868236838988333
2018-10-22,14.854565619174677,12.913579104409918
2018-10-23,14.953332272512853,12.963840242017502
2018-10-24,15.013031318566838,13.014139391115105
2018-10-25,15.001452481212269,13.04907247286624
2018-10-26,15.014356225102276,13.0983729390182
2018-10-29,15.070214518452827,13.155450664637948
2018-10-30,15.00518229959125,13.199574638255374
2018-10-31,14.923632522361704,13.263733202210222
2018-11-01,14.901225414250955,13.317841679550591
2018-11-05,15.152224117945588,13.402643104475535
2018-11-06,15.44857279397561,13.497167716306958
2018-11-07,15.608149977211744,13.5812844786816
2018-11-08,15.728128576424869,13.65020962738306
2018-11-09,15.78561471062953,13.703868834213148
2018-11-12,15.846779087173989,13.764133946446632
2018-11-13,15.878182213514586,13.82153356466914
2018-11-14,15.864482404894064,13.86596153439202
2018-11-16,15.90756279003812,13.916855225141294
2018-11-19,16.07016476178175,13.994564483555251
2018-11-21,16.168842059780065,14.06654630824656
2018-11-22,16.21539378072566,14.128837440043457
2018-11-23,16.26795360242315,14.19119809709847
2018-11-26,16.30072664714242,14.249773830662392
2018-11-27,16.22777182955666,14.29717429233573
2018-11-28,16.286464088850842,14.36750699412124
2018-11-29,16.422929188668185,14.447979939769594
2018-11-30,16.528013877433953,14.533337193898
2018-12-03,16.6251861292858,14.607642014634576
2018-12-04,16.619840201721395,14.66797725497481
2018-12-05,16.662228781794482,14.724253355054495
2018-12-06,16.68961982286436,14.777987155081274
2018-12-07,16.747412310773804,14.836485064211052
2018-12-10,16.78593902592045,14.889672260131428
2018-12-11,16.75878877536034,14.928539725137956
2018-12-12,16.758577025795965,14.97308923815721
2018-12-13,16.75640532816606,15.020081520613628
2018-12-14,16.750177372876365,15.081990504309502
2018-12-17,16.713400408661574,15.134097575716789
2018-12-18,16.716987427726984,15.17159165547288
2018-12-19,16.744786812549574,15.21934677001967
2018-12-20,16.731117475192644,15.256011330422927
2018-12-21,16.723365167220877,15.294589987056732
2018-12-26,16.697886552642082,15.32679545688876
2018-12-27,16.61081038927378,15.351247334520057
2018-12-28,16.619728110304713,15.38926709356576
2019-01-02,16.718307130823543,15.446304217754395
2019-01-03,17.039111995655908,15.53084127913018
2019-01-04,17.34883266057512,15.619055950504288
2019-01-07,17.56206746611415,15.69834012434423
2019-01-08,17.792710524536552,15.782722174270376
2019-01-09,18.0120062797167,15.86806990387447
2019-01-10,18.273590979952047,15.962210227157158
2019-01-11,18.481920838998864,16.050436001318122
2019-01-14,18.620453888467445,16.130585484324985
2019-01-15,18.783138111395,16.215969897920314
2019-01-16,18.9169982589998,16.296637997578692
2019-01-17,19.060264322566805,16.377562481048148
2019-01-18,19.18771298175614,16.45770706569914
2019-01-21,19.297953211617987,16.54206114305243
2019-01-22,19.37004078958333,16.614729095005146
2019-01-23,19.38172420465436,16.68129839804933
2019-01-24,19.413506670158284,16.75756799104383
2019-01-28,19.408917353368828,16.838199261591708
2019-01-29,19.31520809203556,16.921652809165813
2019-01-30,19.163039184549028,16.992258404473112
2019-01-31,19.045633586122484,17.058385345752775
2019-02-01,19.315961025342556,17.16329649650527
2019-02-04,19.47019468416162,17.254518968336367
2019-02-05,19.688615261368625,17.359080774744285
2019-02-06,19.879768300948356,17.45988461813188
2019-02-07,19.88569202896544,17.519958172475974
2019-02-08,19.93491844227833,17.588965684712097
2019-02-11,20.0007344703376,17.663306307490124
2019-02-12,20.02558345839612,17.730284497493958
2019-02-13,20.114817022715496,17.80985980061862
2019-02-14,20.136387549877355,17.874340617691864
2019-02-15,20.283683259687397,17.9653722125279
2019-02-18,20.378698344473868,18.04770227550168
2019-02-19,20.400729620886043,18.10884314145455
2019-02-20,20.40829576291935,18.174086046944385
2019-02-21,20.34880915022455,18.223941430620624
2019-02-22,20.327968711347143,18.27851285874924
2019-02-25,20.30688030052055,18.324615124523245
2019-02-26,20.292727943773265,18.36121177321401
2019-02-27,20.24808575264173,18.40988693647147
2019-02-28,20.16243771131322,18.448100344537806
2019-03-01,20.19435497129048,18.46480186456474
2019-03-06,20.27838842790125,18.468532485904955
2019-03-07,20.30941955318622,18.46662282152874
2019-03-08,20.286590192656117,18.46992188049127
2019-03-11,20.295123501511394,18.483188694264705
2019-03-12,20.31407150686364,18.525883307093977
2019-03-13,20.32701463095143,18.569128188270668
2019-03-14,20.368850938408777,18.61803604197149
2019-03-15,20.38237426277188,18.666737019343817
2019-03-18,20.435085987504863,18.716779922092243
2019-03-19,20.40690333329709,18.768967216263604
2019-03-20,20.344047322115763,18.802166131342727
2019-03-21,20.32155887026405,18.81318484126077
2019-03-22,20.293448615412597,18.80734281535024
2019-03-25,20.370835990159076,18.77588897962169
2019-03-26,20.39034178239751,18.74720916695864
2019-03-27,20.39099113685531,18.72427424960395
2019-03-28,20.46891344228704,18.67759572163905
2019-03-29,20.4045065591864,18.667658711587794
2019-04-01,20.3608299501919,18.67043308476714
2019-04-02,20.36148285490576,18.67898570925295
2019-04-03,20.362005625604837,18.67772992141977
2019-04-04,20.361676687147785,18.66830487670244
2019-04-05,20.369696049995344,18.67794676884041
2019-04-08,20.38253976532974,18.693374649554546
2019-04-09,20.332549758617752,18.709224491681
2019-04-10,20.26646996162944,18.72157648963285
2019-04-11,20.1477971862818,18.72276010084095
2019-04-12,20.000750896107085,18.71218557693389
2019-04-15,19.81070951806537,18.695450922506605
2019-04-16,19.546580775419272,18.67772869370771
2019-04-17,19.367455175136648,18.659468783470786
2019-04-18,19.30705417206295,18.63206216056181
2019-04-22,19.287601280368268,18.615387549897545
2019-04-23,19.28097861347625,18.60532532786476
2019-04-24,19.30618185675944,18.61312235923028
2019-04-25,19.318466613887868,18.615682343065227
2019-04-26,19.251239123884535,18.626771378975967
2019-04-29,19.27429655183721,18.635165753992386
2019-04-30,19.265130714873447,18.633574069102742
2019-05-02,19.241016653012043,18.633893809432436
2019-05-03,19.241350789100867,18.634612175452503
2019-05-06,19.26558840988699,18.64309325363827
2019-05-07,19.23421042648658,18.631300597561538
2019-05-08,19.17261109451283,18.61544818717444
2019-05-09,19.096692639911947,18.61501816613845
2019-05-10,19.02158396206396,18.601859581522152
2019-05-13,19.000360762706173,18.582844306256806
2019-05-14,19.06344494557577,18.546894952598254
2019-05-15,19.119464598506003,18.510299779274284
2019-05-16,19.19002039442844,18.46773874930332
2019-05-17,19.27319859693361,18.418829781638586
2019-05-20,19.318324444573573,18.37697803270044
2019-05-21,19.316830628336948,18.35526925934488
2019-05-22,19.33430108394116,18.36319235494004
2019-05-23,19.27598926535636,18.357853993283197
2019-05-24,19.229019244816,18.34923004326512
2019-05-27,19.13543835943732,18.333954415611032
2019-05-28,19.05346033970664,18.32935080210151
2019-05-29,19.073883105422485,18.344663395349748
2019-05-30,19.16322202663983,18.37397127446325
2019-05-31,19.331549672348075,18.415903126052548
2019-06-03,19.443450331050283,18.45434076232312
2019-06-04,19.585449696922588,18.48880382875354
2019-06-05,19.7393454723823,18.525802429300462
2019-06-06,19.804661094040988,18.549626193274744
2019-06-07,19.95828393216996,18.588970276453423
2019-06-10,20.100115299638528,18.62697699927384
2019-06-11,20.175347821982918,18.65444308010808
2019-06-12,20.241409895821253,18.68432916475189
2019-06-13,20.23675031883639,18.704198608673043
2019-06-14,20.148577439699345,18.715061529086796
2019-06-17,20.03506828592901,18.72426436065715
2019-06-18,19.96876853166667,18.731255196324163
2019-06-19,19.97578574203217,18.744348409845305
2019-06-21,19.9692859756204,18.76618321796297
2019-06-24,19.99206195059998,18.80423380092505
2019-06-25,19.96356720658904,18.84696281358121
2019-06-26,19.903191809863795,18.881434180343348
2019-06-27,19.96886749095097,18.924220844854048
2019-06-28,20.03266478940722,18.96162739985728
2019-07-01,20.0723882688462,18.99427591976848
2019-07-02,20.11824670479068,19.027293475945985
2019-07-03,20.171903343069214,19.06147700492716
2019-07-04,20.28996868440314,19.10817745216232
2019-07-05,20.475438096514992,19.16690350932419
2019-07-08,20.678121584537585,19.23035879126648
2019-07-10,20.828172312687062,19.28760293503632
2019-07-11,20.940252936036547,19.33887929028574
2019-07-12,21.01098626547353,19.38131934229238
2019-07-15,21.020247706021298,19.407203547580853
2019-07-16,20.995376160847314,19.428763548314315
2019-07-17,20.951012456893345,19.44968509964708
2019-07-18,20.872487338449677,19.46564986938269
2019-07-19,20.821852358555265,19.49794789098204
2019-07-22,20.770268923354216,19.510985695689048
2019-07-23,20.767458085899435,19.534267341488466
2019-07-24,20.773356093728783,19.55932414637476
2019-07-25,20.8108870267621,19.59828963802083
2019-07-26,20.86978066440073,19.58877832035717
2019-07-29,20.95484769458915,19.569919099738467
2019-07-30,21.024561564272982,19.550144625765498
2019-07-31,21.142114316248065,19.515633641116334
2019-08-01,21.306719841849564,19.46386195131364
2019-08-02,21.411801462920813,19.40791550736468
2019-08-05,21.40870312216551,19.35621153404144
2019-08-06,21.373145792432734,19.29370484465118
2019-08-07,21.272007036682524,19.244203169356386
2019-08-08,21.12670472879892,19.21154279415357
2019-08-09,20.98540572754281,19.18368081764513
2019-08-12,20.90040061698164,19.14490908370504
2019-08-13,20.832979448786,19.092758051187847
2019-08-14,20.728739329968512,19.049688254110205
2019-08-15,20.641501938088734,18.99444254008183
2019-08-16,20.447562021265824,18.93660348003113
2019-08-19,20.30896299142572,18.88248108140495
2019-08-20,20.09287629472923,18.820548256487918
2019-08-21,19.81775808269042,18.754422154541736
2019-08-22,19.288357638379125,18.70413311399043
2019-08-23,19.087085931181967,18.646917925117453
2019-08-26,18.951481157585956,18.57725352684002
2019-08-27,18.804131741705547,18.50349215926059
2019-08-28,18.690169192293972,18.440901137801763
2019-08-29,18.656275720409432,18.376832984888964
2019-08-30,18.60994310267266,18.327693549776704
2019-09-02,18.54761959306968,18.290827956683632
2019-09-03,18.522030285667537,18.24837249980005
2019-09-04,18.46338657371644,18.19658628492106
2019-09-05,18.30333247634735,18.155113208145664
2019-09-06,18.103717128677932,18.130796308702266
2019-09-09,18.12441797760296,18.13621430564385
2019-09-10,18.28829366609113,18.150530151965302
2019-09-11,18.32466655887048,18.15144716387601
2019-09-12,18.39249199790433,18.149222228183262
2019-09-13,18.434512718680125,18.139423510791467
2019-09-16,18.444280115871663,18.12089828819073
2019-09-17,18.44950962269981,18.0939887762716
2019-09-18,18.498602540340325,18.086356076601827
2019-09-19,18.54436487657439,18.081093181527137
2019-09-20,18.568071412929108,18.067547103128938
2019-09-23,18.60846360343697,18.06674914807555
2019-09-24,18.618744841077262,18.067431771146197
2019-09-25,18.6096066894338,18.058976856048588
2019-09-26,18.580941382743365,18.055408553976022
2019-09-27,18.610000702603127,18.06212615807485
2019-09-30,18.647537544290635,18.06816624507054
2019-10-01,18.628565495225388,18.061960350129432
2019-10-02,18.5370269487353,18.04647289853505
2019-10-03,18.569899418944324,18.00484571151472
2019-10-04,18.63138934461676,17.966715153396187
2019-10-07,18.61051064118597,17.936916895954102
2019-10-08,18.538067391816995,17.90393642319897
2019-10-09,18.51174243658644,17.871628254642147
2019-10-10,18.466684193735038,17.8596469461823
2019-10-11,18.454672886947236,17.85600850452652
2019-10-14,18.48036331341276,17.86038553403364
2019-10-15,18.54375903280904,17.874535157914405
2019-10-16,18.611714910011,17.893931226347334
2019-10-17,18.767996094889877,17.92976204835332
2019-10-18,18.85161779531754,17.951757362049563
2019-10-21,18.895578291452004,17.96933511576476
2019-10-22,18.95555514140297,17.991348404586255
2019-10-23,19.133258063681037,18.03321253252374
2019-10-24,19.32169876158717,18.079841227824588
2019-10-25,19.46892298796898,18.123787079045584
2019-10-28,19.65691962006256,18.175832558606984
2019-10-29,20.00357194242081,18.253384688278647
2019-10-30,20.23398937021633,18.317004148481917
2019-10-31,20.407350256375807,18.381759197719983
2019-11-01,20.41568383249737,18.411942895120976
2019-11-04,20.39965331348888,18.43453684463733
2019-11-05,20.341878275296263,18.45707755768943
2019-11-06,20.26077648186426,18.488776025574925
2019-11-07,20.20792731107817,18.515172054811917
2019-11-08,20.159186657426684,18.54245585226127
2019-11-11,20.101159549127363,18.54687618179499
2019-11-12,20.070527617554934,18.54941418069748
2019-11-13,20.064578608005498,18.545015590761466
2019-11-14,20.096549336037054,18.53331111715011
2019-11-18,20.123659422108616,18.519074471059746
2019-11-19,20.15682664380794,18.500695595006963
2019-11-21,20.195636717715967,18.481755272122385
2019-11-22,20.20698880816189,18.467617517262426
2019-11-25,20.18044961254359,18.465785770477357
2019-11-26,20.15348426137964,18.460393442324825
2019-11-27,20.10872474040334,18.439829025918936
2019-11-28,19.87370710949152,18.431822269540987
2019-11-29,19.678341582211434,18.41857403282473
2019-12-02,19.401096971256464,18.40926405153308
2019-12-03,19.31271543417281,18.405019772154063
2019-12-04,19.24831772243885,18.403485216210026
2019-12-05,19.219144413791287,18.42060973203995
2019-12-06,19.14010789864835,18.440055964017244
2019-12-09,19.046939682665197,18.45040186720721
2019-12-10,18.955740893289978,18.4665419041339
2019-12-11,18.979487624395755,18.47948387631784
2019-12-12,18.9900008800784,18.487642418535994
2019-12-13,19.061300785369266,18.50531478388695
2019-12-16,19.13644014389789,18.52357742434152
2019-12-17,19.15244160529962,18.528082854028035
2019-12-18,19.205144860829414,18.545879875080622
2019-12-19,19.36555265711871,18.58371619166084
2019-12-20,19.601712557627984,18.634177725548103
2019-12-23,19.7716108527826,18.678182369951585
2019-12-26,19.94124366259188,18.725237118608124
2019-12-27,20.109448289527084,18.780215274721037
2019-12-30,20.24982123303775,18.829998756546846
2020-01-02,20.3418934238167,18.876744102610765
2020-01-03,20.587220750310365,18.95074501005472
2020-01-06,20.79222990050435,19.022255983231
2020-01-07,20.882822075648733,19.076410806015407
2020-01-08,20.93285419982456,19.11454212579713
2020-01-09,20.946874831271312,19.139015348862525
2020-01-10,20.925969263871167,19.150148948295342
2020-01-13,20.915636294574465,19.14694607672559
2020-01-14,20.89449746715689,19.15190487914145
2020-01-15,20.858631508062366,19.15580021572077
2020-01-16,20.860527024671843,19.146294275601363
2020-01-17,20.84938694779844,19.147803374838656
2020-01-20,20.79684670175874,19.166845705128956
2020-01-21,20.77822595254573,19.170155126963664
2020-01-22,20.843518929509308,19.148140861252084
2020-01-23,20.86450886132203,19.12959593669452
2020-01-24,20.850908150656608,19.13110838229711
2020-01-27,20.827425041125306,19.126914417990577
2020-01-28,20.792507298590326,19.10572701295564
2020-01-29,20.74851204115841,19.086239339950254
2020-01-30,20.71339806265261,19.057090546182675
2020-01-31,20.477677258093923,19.03625243413492
2020-02-03,20.2050460446381,19.00406860251328
2020-02-04,19.973671744361937,18.97770798829956
2020-02-05,19.799134487861096,18.952793484957468
2020-02-06,19.66480210810029,18.942764182798637
2020-02-07,19.58943953937748,18.92465290165641
2020-02-10,19.562801462497504,18.915509489645792
2020-02-11,19.513239953241797,18.91454806331796
2020-02-12,19.48297498406894,18.92014395680228
2020-02-13,19.474363729916803,18.915523877101737
2020-02-14,19.42133504198056,18.896959452214627
2020-02-17,19.26799629110668,18.86282456292741
2020-02-18,19.216545137560725,18.82416091836504
2020-02-19,19.2562943118588,18.784270802622054
2020-02-20,19.249807218684584,18.755960754607347
2020-02-21,19.174189867300942,18.718527268558105
2020-02-26,19.12538507698353,18.67711811455789
2020-02-27,19.30859794871535,18.600097962930008
2020-02-28,19.41520760965599,18.5232676292361
2020-03-02,19.45041484310952,18.461644191407217
2020-03-03,19.42529213990859,18.41136494735272
2020-03-04,19.458172402823063,18.34560437559111
2020-03-05,19.442957609115396,18.28961290533872
2020-03-06,19.463496355479336,18.214029273792235
2020-03-09,19.459699780198907,18.123107349732383
2020-03-10,19.62645034240574,17.99086834786539
2020-03-11,19.59921104988217,17.877759515871418
2020-03-12,19.661399730188123,17.721152558861622
2020-03-13,19.939714523252203,17.49769719465075
2020-03-16,19.741767150917187,17.362530864366406
2020-03-17,19.803698887519147,17.15401082914127
2020-03-18,19.68158512406019,16.99157911000914
2020-03-19,19.69287051838701,16.776036034116377
2020-03-20,19.594876326897676,16.5702529096598
2020-03-23,19.450949298842957,16.33963974288814
2020-03-24,19.34353570427929,16.08386320355163
2020-03-25,18.981833664465835,15.896073176511884
2020-03-26,18.679456268961303,15.748765095160469
2020-03-27,18.34077252104677,15.617256319994574
2020-03-30,17.909619597865174,15.459312102125896
2020-03-31,17.34500810652006,15.321724063146618
2020-04-01,16.805507063364313,15.173408478954975
2020-04-02,16.129089002382383,15.011082078750574
2020-04-03,15.473403870688838,14.85749797612714
2020-04-06,14.836754979977806,14.69379851571175
2020-04-07,14.402371674732574,14.57621049223016
2020-04-08,13.786522422425936,14.480462731790276
2020-04-09,13.501821000913198,14.401118910229185
2020-04-13,13.546991896848816,14.324668313161276
2020-04-14,13.223610580370323,14.263865165260324
2020-04-15,13.351601313481028,14.210920545108133
2020-04-16,13.265395668007551,14.14541829527795
2020-04-17,13.313171891939604,14.069770225545083
2020-04-20,13.385485043147892,14.006444778012984
2020-04-22,13.373374025239425,13.929769481171578
2020-04-23,13.156962969508765,13.854421806540383
2020-04-24,13.145182671234648,13.775311784380175
2020-04-27,13.174558067581238,13.663079788194793
2020-04-28,13.133980513868968,13.567723705204251
2020-04-29,13.166189032457472,13.514730325278196
2020-04-30,13.238271380784331,13.479888269244672
2020-05-04,13.238316475732812,13.41066791999599
2020-05-05,13.225128027060268,13.32377077960983
2020-05-06,13.216270797548924,13.240737039547485
2020-05-07,13.176395989502875,13.151834058145385
2020-05-08,13.276150113378373,13.0479262467616
2020-05-11,13.274790637929804,12.966584472919733
2020-05-12,13.235808027656724,12.881948671781084
2020-05-13,13.208351773889056,12.787423756779216
2020-05-14,13.102576994628144,12.69300350500065
2020-05-15,12.893558372493985,12.624619714320286
2020-05-18,12.76209099772849,12.540426419512286
2020-05-19,12.652344728179056,12.48114788747412
2020-05-20,12.478524819981576,12.41146615412744
2020-05-21,12.366763299932972,12.348839837756556
2020-05-22,12.279543564738397,12.312203669156384
2020-05-25,12.227755582785194,12.279645741310809
2020-05-26,12.406338373288673,12.280304157578623
2020-05-27,12.459501321068066,12.26004395586876
2020-05-28,12.410733772419253,12.248503155846372
2020-05-29,12.201861734821572,12.226848561382171
2020-06-01,12.185445423027826,12.202440746118391
2020-06-02,12.317287793385637,12.199402619946984
2020-06-03,12.562886185602933,12.21785233589365
2020-06-04,12.925807400897032,12.257693193793555
2020-06-05,13.256688287289126,12.30342348922259
2020-06-08,13.606984185636206,12.356975458988831
2020-06-09,14.077960876905856,12.436551207100155
2020-06-10,14.367506584918068,12.500506921062778
2020-06-12,14.470344527350871,12.5362344950836
2020-06-15,14.563072924099512,12.564551530612164
2020-06-16,14.54938584465812,12.580219943895449
2020-06-17,14.627831664926468,12.61642696692178
2020-06-18,14.664654255987756,12.659627197117556
2020-06-19,14.657519250461633,12.69921039402517
2020-06-22,14.692408841835425,12.73868367565644
2020-06-23,14.652311641169844,12.757859337009569
2020-06-24,14.665465437365636,12.775562220854722
2020-06-25,14.608991681755448,12.775744281721172
2020-06-26,14.56954787222096,12.78793815466101
2020-06-29,14.469060305393011,12.78378888456736
2020-06-30,14.304500693561414,12.797109537644127
2020-07-01,14.226175042576967,12.792840819203464
2020-07-02,14.206479907572206,12.799796999894264
2020-07-03,14.206074330528288,12.80813978249597
2020-07-06,14.194136645944296,12.819523887035038
2020-07-07,14.229102154447087,12.86173833378083
2020-07-08,14.03357594120682,12.879681692292564
2020-07-09,13.966393249185158,12.91472532980472
2020-07-10,13.971961494469111,12.936365096594129
2020-07-13,14.013706730567405,12.964855164336932
2020-07-14,14.029087233022995,12.984769418589057
2020-07-15,14.054586231426573,13.012804841349274
2020-07-16,14.09286075230504,13.048642805825216
2020-07-17,14.094593854058278,13.07345162670824
2020-07-20,14.10121470386574,13.099934054981189
2020-07-21,14.168182905408893,13.130430186592584
2020-07-22,14.304942594745922,13.174406653824764
2020-07-23,14.352916144608985,13.207034895291176
2020-07-24,14.381446728151298,13.230444090897002
2020-07-27,14.369020912918844,13.256303506921588
2020-07-28,14.51370823790573,13.306170512136136
2020-07-29,14.550268465146242,13.350232133598878
2020-07-30,14.714299621936808,13.410369788456116
2020-07-31,14.729524865617304,13.447698960654089
2020-08-03,14.684017665105648,13.460226823450991
2020-08-04,14.681548706357852,13.466489404411323
2020-08-05,14.679785252569106,13.461404652544664
2020-08-06,14.691053394014872,13.458927274262429
2020-08-07,14.68978444907969,13.460158967996357
2020-08-10,14.698938258686107,13.45821213911583
2020-08-11,14.696584399046197,13.460916750053151
2020-08-12,14.704153831277637,13.459181278136814
2020-08-13,14.70833324884724,13.452697509452893
2020-08-14,14.743998732426398,13.43563228382656
2020-08-17,14.766103026729557,13.419958532083552
2020-08-18,14.81416271288407,13.389969871542766
2020-08-19,14.779632067889914,13.36645502862965
2020-08-20,14.765580133176336,13.34193580210289
2020-08-21,14.762006744987774,13.317173941101114
2020-08-24,14.737668042247892,13.293383133471956
2020-08-25,14.575961044677609,13.28184294449322
2020-08-26,14.412288296120549,13.270755311945022
2020-08-27,14.062587110056096,13.249507391255044
2020-08-28,13.812650088054808,13.236557673516735
2020-08-31,13.71871806015738,13.234470110392268
2020-09-01,13.64510068999817,13.21488595089743
2020-09-02,13.613931278138228,13.20618330808832
2020-09-03,13.569034524029048,13.197315263834914
2020-09-04,13.56899439458497,13.208799146286776
2020-09-08,13.587966052800825,13.220314603828418
2020-09-09,13.541766687292744,13.222942982377733
2020-09-10,13.512549194131823,13.224022367398804
2020-09-11,13.476256255151569,13.20794729004581
2020-09-14,13.483448080401253,13.183103156421636
2020-09-15,13.47579617345369,13.165017505571903
2020-09-16,13.480399324609632,13.142338928525694
2020-09-17,13.48640713000341,13.121513816077478
2020-09-18,13.4896440919032,13.10271040765268
2020-09-21,13.519510119142934,13.07283457124609
2020-09-22,13.569019262304876,13.036900026388134
2020-09-23,13.58230633537596,13.005266855677965
2020-09-24,13.620582519207437,12.963546532733943
2020-09-25,13.63461057266757,12.932379903724025
2020-09-28,13.630472589622531,12.901953385043402
2020-09-29,13.586630989540192,12.871273694526227
2020-09-30,13.609483885151509,12.83046975958703
2020-10-01,13.584339761223896,12.795122189106806
2020-10-02,13.546157598806008,12.763329939443514
2020-10-05,13.388795860365748,12.736619748779637
2020-10-06,13.194492121322211,12.717711910455767
2020-10-07,13.028850908137215,12.69785672966986
2020-10-08,12.835186279873437,12.67371411585985
2020-10-09,12.81009651424944,12.674884201215129
2020-10-13,12.845541207771992,12.678179711594195
2020-10-14,12.870166457337636,12.684240930107812
2020-10-15,12.919521178942674,12.690546975582864
2020-10-16,12.9449265051535,12.69322825951614
2020-10-19,12.9264321346233,12.68591318424205
2020-10-20,12.965088436346113,12.685639868547586
2020-10-21,13.125476546477296,12.706848444271191
2020-10-22,13.29369101439113,12.732532751807144
2020-10-23,13.59892360107122,12.7813350242762
2020-10-26,13.830827814148488,12.82581072351711
2020-10-27,14.066090405376167,12.875297321168324
2020-10-28,14.181412190008016,12.90740305635468
2020-10-29,14.165667722639908,12.907852776729136
2020-10-30,14.141723228641013,12.90321845685482
2020-11-03,14.115190994906984,12.88356718613372
2020-11-04,14.0933495432379,12.88133277037752
2020-11-05,14.078411695463007,12.875539202980669
2020-11-06,14.05970386237178,12.877699877606714
2020-11-09,14.015077848725038,12.878568505608904
2020-11-10,14.179971215639672,12.927455277864247
2020-11-11,14.568984100509011,13.01016201555303
2020-11-12,14.86211122062206,13.087210872788638
2020-11-13,14.986940941223752,13.138057300700687
2020-11-16,15.189025916118764,13.206951534698277
2020-11-17,15.493410491399422,13.298981203003326
2020-11-18,15.771580987707182,13.390782509263364
2020-11-19,15.931762722140554,13.460149033139428
2020-11-23,16.076536574582267,13.527278196972253
2020-11-24,16.18282027609448,13.587911304226118
2020-11-25,16.396742602525613,13.672728417027606
2020-11-26,16.55009009799825,13.746250877343792
2020-11-27,16.661497030769105,13.806989767750022
2020-11-30,16.712849403289525,13.860517334147136
2020-12-01,16.705649121120246,13.903735766398912
2020-12-02,16.71000042377878,13.978099301551142
2020-12-03,16.74614387125788,14.056288087282764
2020-12-04,16.665101849846742,14.123194536192653
2020-12-07,16.555582570376703,14.1927934696189
2020-12-08,16.307444090208442,14.263770676683096
2020-12-09,16.252893963202297,14.324473744796473
2020-12-10,16.29988822956373,14.384487782081186
2020-12-11,16.46708869575902,14.467762823078576
2020-12-14,16.488801739949714,14.542697581658636
2020-12-15,16.542027521487697,14.611310459770484
2020-12-16,16.616573899533567,14.677232636779909
2020-12-17,16.756114632250885,14.755068920693908
2020-12-18,16.880030476616852,14.832994092318426
2020-12-21,16.98608749494763,14.909071362327078
2020-12-22,16.990374630264856,14.966216783492714
2020-12-23,17.076734220867102,15.034170090327828
2020-12-28,17.22109650277147,15.114440598116555
2020-12-29,17.355618024302625,15.198087721542706
2020-12-30,17.432824885067333,15.277357503564009
2021-01-04,17.37951075738048,15.34395275230407
2021-01-05,17.37421396330421,15.390520684088903
2021-01-06,17.37048734085982,15.431309947315311
2021-01-07,17.392878179494325,15.491854755672549
2021-01-08,17.499669253637638,15.56769867545335
2021-01-11,17.561556141670554,15.634677458918262
2021-01-12,17.53252240525349,15.687001658551292
2021-01-13,17.482018168965343,15.736783104405438
2021-01-14,17.480939197616305,15.774548566926072
2021-01-15,17.516585861684792,15.830960794851652
2021-01-18,17.492752415798783,15.86650571214818
2021-01-19,17.462265901546267,15.902865944422048
2021-01-20,17.469223606315545,15.92724539189014
2021-01-21,17.514346854478077,15.937168344577774
2021-01-22,17.58202199659709,15.93762004085831
2021-01-26,17.679951229022706,15.926517107462212
2021-01-27,17.820764008421758,15.90112189725316
2021-01-28,17.843929113981293,15.885313799468625
2021-01-29,17.776671398890038,15.889026180472824
2021-02-01,17.736960866946752,15.873201375747346
2021-02-02,17.689023388379034,15.8705155294644
2021-02-03,17.681686562962543,15.86545369951135
2021-02-04,17.673382237559107,15.863537787316302
2021-02-05,17.607668680047272,15.880366324345756
2021-02-08,17.44196728091085,15.893096006560636
2021-02-09,17.284593964811847,15.89181591240735
2021-02-10,17.17604053262746,15.893778994434095
2021-02-11,17.055445081661283,15.888787530272962
2021-02-12,16.97293903461612,15.88472860736158
2021-02-17,16.73303661752801,15.880828857897704
2021-02-18,16.59963419353374,15.876590504822978
2021-02-19,16.418431068155048,15.866416192411492
2021-02-22,16.295111060421466,15.851478091283491
2021-02-23,16.445981108816273,15.797296319498516
2021-02-24,16.43505590720569,15.77228395593324
2021-02-25,16.450986677484188,15.744072982329126
2021-02-26,16.504209535627282,15.704183587923582
2021-03-01,16.590754673780268,15.653811295539956
2021-03-02,16.685617961360435,15.586729064989523
2021-03-03,16.72324401977109,15.53701664020449
2021-03-04,16.703564518827434,15.494174906140383
2021-03-05,16.660134108965046,15.474913379681755
2021-03-08,16.647643844752984,15.484213283550892
2021-03-09,16.510673690003845,15.471248083911602
2021-03-10,16.38461172394297,15.46371280653241
2021-03-11,16.33988682586043,15.466561819923696
2021-03-12,16.316562354474573,15.47988006774168
2021-03-15,16.30654815038565,15.488493028784784
2021-03-16,16.329224954242324,15.505380616307736
2021-03-17,16.310228076101552,15.511271033028052
2021-03-18,16.415098038976275,15.542521461817662
2021-03-19,16.602689237770104,15.584358182290002
2021-03-22,16.822133019107543,15.63119795373455
2021-03-23,16.997494832309563,15.672755900574156
2021-03-24,17.12991472285342,15.70554824658603
2021-03-25,17.22293131462233,15.730410537577564
2021-03-26,17.350473887320128,15.768569890801963
2021-03-29,17.446763652783638,15.809662335509142
2021-03-30,17.440012214529382,15.851849802107395
2021-03-31,17.49188697481815,15.903455877241129
2021-04-01,17.4399767017256,15.93852026970743
2021-04-05,17.381202056473537,15.94809486699774
2021-04-06,17.388243840348743,15.963178571805656
2021-04-07,17.319640659419566,15.967574526681616
2021-04-08,17.256994870028844,15.96490298846367
2021-04-09,17.22733243505153,15.960366149706612
2021-04-12,17.226029870987993,15.955022473315504
2021-04-13,17.20232388208947,15.961462069567226
2021-04-14,17.197713433688275,15.963462689378543
2021-04-15,17.160846127796344,15.972772351356808
2021-04-16,17.15967034352064,15.981716928551608
2021-04-19,17.1425545802899,15.997698310657082
2021-04-20,17.098188944859345,16.010147369347038
2021-04-22,17.062050461584903,16.012356517082317
2021-04-23,17.04766383635086,16.01014504929242
2021-04-26,17.04352926628312,16.019667885446278
2021-04-27,16.99851005561403,16.02935918845076
2021-04-28,16.922756952689348,16.032981903956138
2021-04-29,16.947688767468517,16.070322253904397
2021-04-30,16.776823362245068,16.083986266599783
2021-05-03,16.708809316904055,16.099281258504917
2021-05-04,16.84729278173998,16.133209028449425
2021-05-05,16.859228020805926,16.145718101811013
2021-05-06,16.882755286361316,16.158820894875333
2021-05-07,16.905589726480127,16.174662892109275
2021-05-10,16.925264436584573,16.192594163951917
2021-05-11,17.01115506080605,16.225545682812527
2021-05-12,17.09581033147964,16.25612063884998
2021-05-13,17.10413437954116,16.27194235923496
2021-05-14,17.180497890373942,16.302324319962533
2021-05-17,17.278490671365553,16.337749692137525
2021-05-18,17.382805282188098,16.374767805323078
2021-05-19,17.535015244509456,16.42117761696999
2021-05-20,17.6730691811447,16.470376113886072
2021-05-21,17.807429544371036,16.524151186769448
2021-05-24,17.958559370478405,16.57907047245699
2021-05-25,18.07038935650577,16.62993836097392
2021-05-26,18.12254632305709,16.675287173645785
2021-05-27,18.28724823768909,16.73485180436391
2021-05-28,18.43390999119676,16.79641787800175
2021-05-31,18.56341523803011,16.85719615280553
2021-06-01,18.686110047566903,16.913964408857424
2021-06-02,18.841600460675345,16.984771654748393
2021-06-04,19.1474024885027,17.08152980822812
2021-06-07,19.386705758278588,17.17367957263718
2021-06-08,19.63729515335661,17.27170980390516
2021-06-09,19.837205758911026,17.360470315290772
2021-06-10,19.978189576332287,17.44195215458946
2021-06-11,20.04830449969228,17.521595163907985
2021-06-14,20.11212679851853,17.595131001919558
2021-06-15,20.14825359311515,17.662527648850446
2021-06-16,20.16412187982526,17.727823874606884
2021-06-17,20.1974223888033,17.794357406576
2021-06-18,20.207535547338544,17.855026272903405
2021-06-21,20.190102290051158,17.903550118608326
2021-06-22,20.168825608796,17.95206996486369
2021-06-23,20.10702089214231,17.98485221223959
2021-06-24,20.007134445449893,18.013093523357725
2021-06-25,19.95733278861813,18.045652878762585
2021-06-28,19.96430648416271,18.0538770476896
2021-06-29,19.98972153780874,18.058251975167035
2021-06-30,20.02624728403375,18.05811473495866
2021-07-01,20.124048333313,18.047945660233527
2021-07-02,20.18158951195032,18.02949476733164
2021-07-05,20.152538402402847,18.028299663624622
2021-07-06,20.095750367819573,18.01464871904257
2021-07-07,20.058352661918832,17.99293926586301
2021-07-08,19.993259053745632,17.97707153579183
2021-07-12,19.91528791743767,17.95378603417281
2021-07-13,19.79645666070768,17.948601742985122
2021-07-14,19.675446755493923,17.943066504260905
2021-07-15,19.531652523492163,17.940797324008983
2021-07-16,19.346769010821745,17.928082956915876
2021-07-19,19.148031113136373,17.91586719245387
2021-07-20,19.033527798043743,17.87890306178319
2021-07-21,18.83494757318111,17.853645777023655
2021-07-22,18.6949188546403,17.82965602575806
2021-07-23,18.55670229996587,17.80133992450188
2021-07-26,18.35088364767616,17.767203776435288
2021-07-27,18.264592585866207,17.739950701524528
2021-07-28,18.1725250558246,17.719033573997486
2021-07-29,18.103356422754192,17.71473847362128
2021-07-30,18.068144161723318,17.7039584529368
2021-08-02,18.059427831428685,17.681957824530997
2021-08-03,17.970872319235376,17.664978285078075
2021-08-04,17.940132529531017,17.652520221681172
2021-08-05,17.982422125893724,17.613638918156873
2021-08-06,18.031546179082717,17.56657224673884
2021-08-09,18.032235169434934,17.535500562885225
2021-08-10,17.962130550136497,17.505370175103
2021-08-11,17.90005544347287,17.466988073605393
2021-08-12,17.789848370065805,17.43260805891399
2021-08-13,17.74701166047183,17.390421006655338
2021-08-16,17.674240847545505,17.352940031617422
2021-08-17,17.694703850462968,17.311657660298632
2021-08-18,17.684925768531617,17.269497224348846
2021-08-19,17.670996317402803,17.224828378909653
2021-08-20,17.663791562986496,17.180523974660513
2021-08-23,17.672263890076504,17.134350239163332
2021-08-24,17.644231084109514,17.094426274442963
2021-08-25,17.580355437769228,17.072714920275164
2021-08-26,17.416133255108207,17.05296439548343
2021-08-27,17.269023406032332,17.02150364490515
2021-08-30,17.179036031245637,16.99959964550323
2021-08-31,17.04091307020883,16.971618908457224
2021-09-01,16.825126300285316,16.948342064486628
2021-09-02,16.792066869474606,16.924868185416305
2021-09-03,16.83619117128432,16.87979530890153
2021-09-06,16.818203613181144,16.83343532123771
2021-09-08,16.75775824721874,16.79528011050328
2021-09-09,16.915961996433204,16.72280181100141
2021-09-10,16.96516132485485,16.6556644244635
2021-09-13,17.03698273323931,16.58394074903312
2021-09-14,17.021085685692718,16.52696943260734
2021-09-15,17.015375575567273,16.46834480974755
2021-09-16,17.013929309635287,16.406743727180377
2021-09-17,17.026500974671098,16.340061034653658
2021-09-20,17.089736802622816,16.25516854331403
2021-09-21,17.204808130599964,16.15277983933297
2021-09-22,17.221160859633258,16.062181030864565
2021-09-23,17.113752192313456,15.983187531384717
2021-09-24,16.939294453261397,15.931726859533155
2021-09-27,16.81175321034674,15.869511150839378
2021-09-28,16.613510582621615,15.826673090703348
2021-09-29,16.42799955002497,15.77329775071818
2021-09-30,16.191076935711767,15.732289176839869
2021-10-01,15.920674608240017,15.693721919691948
2021-10-04,15.805367094307195,15.67110603234314
2021-10-05,15.659515723774742,15.632673455585063
2021-10-06,15.46212295089065,15.605475105338275
2021-10-07,15.47654337895798,15.583789985108924
2021-10-08,15.442884439983066,15.548225556239954
2021-10-11,15.438161193415224,15.51794680206698
2021-10-13,15.37388685011802,15.47829468503251
2021-10-14,15.320358377825208,15.438530081486793
2021-10-15,15.2822772551703,15.3950444355671
2021-10-18,15.335210903891031,15.382723033931043
2021-10-19,15.444557561257303,15.381168014177373
2021-10-20,15.382937341226388,15.361053391065198
2021-10-21,15.414347546391884,15.36173775820432
2021-10-22,15.39345079820343,15.34988902682502
2021-10-25,15.397320101260812,15.316271437353464
2021-10-26,15.38167364137395,15.29258767849834
2021-10-27,15.391941656656549,15.256770647476884
2021-10-28,15.3875112853758,15.229861715428733
2021-10-29,15.388681497589126,15.20206272700726
2021-11-01,15.425921941167754,15.158956979783074
2021-11-03,15.381554121608476,15.136717837981015
2021-11-04,15.379928298565854,15.110593256113768
2021-11-05,15.481249755065056,15.047939754411562
2021-11-08,15.438985799143316,15.013891581370242
2021-11-09,15.457607700851035,14.968382902005462
2021-11-10,15.472182423070466,14.918538793354609
2021-11-11,15.470189448202277,14.900692078744656
2021-11-12,15.4736063736961,14.886326972380358
2021-11-16,15.490016350732422,14.87808882728548
2021-11-17,15.43696288308692,14.869339113381802
2021-11-18,15.330027279775445,14.863436201086577
2021-11-19,15.297766749011013,14.85220118918208
2021-11-22,15.146058909238844,14.840850418562828
2021-11-23,15.04714103090306,14.820208472013508
2021-11-24,15.056771262776888,14.811225049986591
2021-11-25,15.102711571088674,14.81733712556731
2021-11-26,15.19946288235224,14.82793835275621
2021-11-29,15.192985845232434,14.814479042928454
2021-11-30,15.1849156797333,14.79737505574263
2021-12-01,15.184295135224549,14.770927709244164
2021-12-02,15.168941041114689,14.743292086522196
2021-12-03,15.202345356799984,14.744834037910495
2021-12-06,15.158863928848984,14.744644795411537
2021-12-07,15.23275780591736,14.756714323243513
2021-12-08,15.231239763732066,14.761349686122596
2021-12-09,15.15719223696113,14.762183496350096
2021-12-10,15.158275673858183,14.748227264770266
2021-12-13,15.160708809798493,14.73259081497947
2021-12-14,15.17510792249813,14.707265370948411
2021-12-15,15.168443332878365,14.691286109228182
2021-12-16,15.15334328616551,14.675933485222467
2021-12-17,15.148743300844936,14.668143962034172
2021-12-20,15.156436885502176,14.644789049364787
2021-12-21,15.200428608720264,14.610933935672346
2021-12-22,15.227974471911468,14.576091662837884
2021-12-23,15.17946287279352,14.545152714320594
2021-12-27,15.081863711003402,14.517118240356448
2021-12-28,15.066233430979908,14.496384995105222
2021-12-29,15.05846270876102,14.4744915352381
2021-12-30,15.0628768541074,14.450919532152016
2022-01-03,15.070080879457311,14.425734960667215
2022-01-04,15.00168703301502,14.415068862834868
2022-01-05,14.939774935323443,14.4084602271413
2022-01-06,14.781695856692664,14.398160260623314
2022-01-07,14.670232627411384,14.396165050781928
2022-01-10,14.611099997838112,14.402430572699506
2022-01-11,14.65144734973797,14.410425989669893
2022-01-12,14.702050578518698,14.418954087886824
2022-01-13,14.747556221271845,14.422915306864358
2022-01-14,14.829017170721944,14.43687942354762
2022-01-17,14.95969195655158,14.459607304645385
2022-01-18,15.079700924246142,14.484829701904522
2022-01-19,15.274364883443573,14.519785314180478
2022-01-20,15.383208238612353,14.54575171890452
2022-01-21,15.463628628600066,14.570135370248892
2022-01-24,15.50396273487181,14.587355315146931
2022-01-25,15.586829794658469,14.6163152369301
2022-01-26,15.804229085141586,14.668123486987872
2022-01-27,15.977681054132717,14.718464354367311
2022-01-28,16.125313773554566,14.769934999492268
2022-01-31,16.27906150682012,14.828416351979437
2022-02-01,16.463095486824653,14.890247452118183
2022-02-02,16.629087171889925,14.951911281235295
2022-02-03,16.69031033622697,14.99954961997381
2022-02-04,16.787895862296914,15.05463901918765
2022-02-07,16.89753861038424,15.111804158921368
2022-02-08,16.974053344711486,15.1644681805164
2022-02-09,17.012340680016884,15.211395786431352
2022-02-10,16.965062555552745,15.20141513412137
2022-02-11,16.93357933577932,15.200297985977212
2022-02-14,16.92078418873525,15.201201259131675
2022-02-15,16.91285464792163,15.202916346592389
2022-02-16,16.91645869173297,15.205129087507558
2022-02-17,16.907924639139726,15.214315310928006
2022-02-18,16.90303229207238,15.216081033633936
2022-02-21,16.881462234739594,15.22116634724679
2022-02-22,16.8900176524381,15.218992054935564
2022-02-23,16.887052405199917,15.214643942829388
2022-02-24,16.879982332222664,15.207642197381134
2022-02-25,16.8962405665578,15.183123955320749
2022-03-02,16.852028485268285,15.16239128569334
2022-03-03,16.77422133983484,15.136541079251378
2022-03-04,16.638053978456657,15.122693739444836
2022-03-07,16.56877959846437,15.092712548500383
2022-03-08,16.46069279177971,15.04949119997138
2022-03-09,16.257429688239363,15.015031233779276
2022-03-10,16.003515726251766,15.017538372835938
2022-03-11,15.716002834487426,15.016272629474305
2022-03-14,15.713962540160896,15.012512531419992
2022-03-15,15.6998435500951,15.013139961601077
2022-03-16,15.676167930505418,15.012329403941113
2022-03-17,15.671265923554785,15.02003044308458
2022-03-18,15.672284540487238,15.029690885590666
2022-03-21,15.637486071236523,15.037559179276238
2022-03-22,15.699557294064808,15.059251991804334
2022-03-23,15.79053247817399,15.08772608086367
2022-03-24,15.873159326799549,15.1111263889503
2022-03-25,16.00389780001754,15.142654208698977
2022-03-28,16.157447355763406,15.17859898730813
2022-03-29,16.277883380657183,15.210024627499765
2022-03-30,16.441709376817084,15.251524540143004
2022-03-31,16.552186593264377,15.287439743005423
2022-04-01,16.632126522855366,15.31601076279661
2022-04-04,16.642682575558116,15.336677247943143
2022-04-05,16.55413135700646,15.353958249840495
2022-04-06,16.42483058834844,15.35330402455522
2022-04-07,16.417429850170606,15.349563260578616
2022-04-08,16.40033104457508,15.348515391456374
2022-04-11,16.372414655385406,15.354298514580748
2022-04-12,16.349912108885192,15.35900622801736
2022-04-13,16.319611215728436,15.358154042803578
2022-04-14,16.30717012738444,15.363559179600612
2022-04-18,16.298062792730814,15.367337845543052
2022-04-19,16.28911744515329,15.381719042977714
2022-04-20,16.28892543003837,15.387529820708863
2022-04-22,16.279591674281676,15.390934345669864
2022-04-25,16.286558005265924,15.385491693717563
2022-04-26,16.273551528347895,15.376528152266632
2022-04-27,16.326119578103057,15.342397817083729
2022-04-28,16.33224125814516,15.313029318021757
2022-04-29,16.269331253560313,15.27952183888987
2022-05-02,16.22418932731014,15.23985991188224
2022-05-03,16.175985455138093,15.201441895749143
2022-05-04,16.121450625639273,15.168236858266487
2022-05-05,16.04279085083529,15.144433890376154
2022-05-06,16.060113595228227,15.102872542600412
2022-05-09,16.043065967811067,15.074467720373168
2022-05-10,16.00438900900496,15.055587846223844
2022-05-11,15.93622713209916,15.04305592687754
2022-05-12,15.878412144579116,15.040984530869569
2022-05-13,15.848029270851423,15.042732657200933
2022-05-16,15.81067016660846,15.051265744585134
2022-05-17,15.8206551573533,15.06943335141034
2022-05-18,15.84423578931723,15.099349323881077
2022-05-19,15.845826860941392,15.116565601783794
2022-05-20,15.836401068691243,15.128433727383074
2022-05-23,15.898289297610129,15.147936347551855
2022-05-24,16.020045335602557,15.176642748420496
2022-05-25,16.226636040053894,15.217307744901706
2022-05-26,16.364640366922934,15.2492130617999
2022-05-27,16.495550007892916,15.283293984712428
2022-05-30,16.63558555852606,15.325072576342883
2022-05-31,16.71407970392601,15.358982194428432
2022-06-01,16.791920862862852,15.395300576485736
2022-06-02,16.821951431187824,15.418667628104384
2022-06-03,16.751082119388236,15.438592284586887
2022-06-06,16.681606129646603,15.453993625767016
2022-06-07,16.616744593021227,15.469414471392192
2022-06-08,16.538513454741317,15.478929869127692
2022-06-09,16.48916233655248,15.47715804073991
2022-06-10,16.44839445629071,15.475144087410303
2022-06-13,16.45731099083602,15.464166148380524
2022-06-14,16.519123897185892,15.444887772298488
2022-06-15,16.58160407116826,15.42044077472233
2022-06-17,16.620052309142665,15.40100627196007
2022-06-20,16.679839315912165,15.37329116669287
2022-06-21,16.68507570733757,15.361942137211464
2022-06-22,16.673361042538662,15.34683463311595
2022-06-23,16.60966643264645,15.329799112440655
2022-06-24,16.59527413462764,15.297992187802972
2022-06-27,16.55656493655929,15.262706408025084
2022-06-28,16.425937412825398,15.236681472377482
2022-06-29,16.320704834117848,15.203485022664628
2022-06-30,16.18659971874676,15.161822562968563
2022-07-01,16.128393881915592,15.10919053944567
2022-07-04,16.030269684960185,15.062718604132696
2022-07-05,15.936485211613842,15.012358907237806
2022-07-06,15.79843132060408,14.96523586763632
2022-07-07,15.669087015739624,14.91554479210028
2022-07-08,15.550989914448818,14.878842307074786
2022-07-11,15.411153490808536,14.843894707888795
2022-07-12,15.319360392448344,14.799277420113896
2022-07-13,15.248525179822217,14.758618053428693
2022-07-14,15.21582009469554,14.707251072221831
2022-07-15,15.179165196234042,14.645912254838343
2022-07-18,15.145299830063852,14.590133112326589
2022-07-19,14.991047047240842,14.543165459374022
2022-07-20,14.82730558996993,14.51728093337452
2022-07-21,14.64852237744051,14.485472028913907
2022-07-22,14.557991748311778,14.462165563084678
2022-07-25,14.477093181698844,14.43283343140054
2022-07-26,14.337564060948267,14.411906572604618
2022-07-27,14.232107331435843,14.38801518547764
2022-07-28,14.188879350693147,14.368214983944664
2022-07-29,14.209847386352584,14.353291985665738
2022-08-01,14.224073680032877,14.340215932825696
2022-08-02,14.24654655684981,14.326390936551434
2022-08-03,14.309545106320538,14.32254906133731
2022-08-04,14.422864221498408,14.327699493380168
2022-08-05,14.575129650061475,14.343068541256764
2022-08-08,14.752018362193798,14.364782080877076
2022-08-09,14.923694769184651,14.387538816912974
2022-08-10,15.122561820824618,14.417928980316528
2022-08-11,15.34069996524341,14.456600687078492
2022-08-12,15.521563192421745,14.498808348050712
2022-08-15,15.713363455804394,14.546939637724847
2022-08-16,15.859251588923527,14.590025716684035
2022-08-17,16.056520039157437,14.6402634543809
2022-08-18,16.21594929619106,14.68947862559869
2022-08-19,16.376362049482324,14.740552981254591
2022-08-22,16.457023680188005,14.78173016680416
2022-08-23,16.497798320289263,14.812766300985956
2022-08-24,16.521348637058956,14.847006192007436
2022-08-25,16.516169060528366,14.876429910748222
2022-08-26,16.510581237736687,14.909120954897706
2022-08-29,16.471678205375834,14.938319268053428
2022-08-30,16.390215244464084,14.9685832785831
2022-08-31,16.30263964733043,14.995765495604235
2022-09-01,16.204607589238158,15.00640891983213
2022-09-02,16.135280847770137,15.02168729700898
2022-09-05,16.08362275375844,15.042971857450071
2022-09-06,16.018299776241093,15.064686226591986
2022-09-08,15.980501510237378,15.081755971198197
2022-09-09,15.979882174863729,15.09467944189148
2022-09-12,15.980941823289214,15.115314164490403
2022-09-13,15.986311489220782,15.141145362141362
2022-09-14,15.986699834188611,15.161222314336896
2022-09-15,15.957010114639408,15.177667255484414
2022-09-16,15.91788999581619,15.191254435974091
2022-09-19,15.853296822232558,15.197354891933038
2022-09-20,15.844090608434414,15.218704570602254
2022-09-21,16.00732120333641,15.259130699071092
2022-09-22,16.095234982804946,15.294178558116789
2022-09-23,16.282004659489868,15.342392046536418
2022-09-26,16.34793119138409,15.376071033232064
2022-09-27,16.36634774533657,15.397050145605029
2022-09-28,16.372856069710394,15.413413392243086
2022-09-29,16.381555457367647,15.429450889625729
2022-09-30,16.384569690827007,15.449600947248594
2022-10-03,16.397260124381344,15.470857384256194
2022-10-04,16.68820295937198,15.534584604060178
2022-10-05,16.90767931338221,15.595463859400343
2022-10-06,17.13236272464,15.661232489789592
2022-10-07,17.232371478293008,15.710501305102683
2022-10-10,17.266470100280973,15.74201935802662
2022-10-11,17.277739721879733,15.762493747407202
2022-10-13,17.279294033083044,15.78058346655568
2022-10-14,17.266041670371774,15.7887889518425
2022-10-17,17.246229389636387,15.792560035750313
2022-10-18,17.198459611853412,15.800612172338056
2022-10-19,17.187340451440612,15.813094134458952
2022-10-20,17.185441105671455,15.827934017585063
2022-10-21,17.194806058336567,15.849468591741308
2022-10-24,17.21878083675945,15.883762556424475
2022-10-25,17.21788797714427,15.888871026729175
2022-10-26,17.21766211008495,15.889982531312963
2022-10-27,17.283720681676765,15.863842568022545
2022-10-28,17.305401442637404,15.849800720322056
2022-10-31,17.319926736998536,15.839789472196776
2022-11-01,17.320092952815934,15.84693884745415
2022-11-03,17.198426732997458,15.857287756536447
2022-11-04,17.059143000345394,15.856431567683876
2022-11-07,16.83788069241565,15.848958665965002
2022-11-08,16.739049817831944,15.821511669234162
2022-11-09,16.727163455045194,15.789440932626636
2022-11-10,17.419330035446308,15.656342112842736
2022-11-11,17.816010739246245,15.514212491998354
2022-11-14,18.010422444598525,15.385573424965234
2022-11-16,18.12039897574097,15.262295609701583
2022-11-17,18.14612523099853,15.145435654522093
2022-11-18,18.078736030142423,15.043608731044166
2022-11-21,17.956179676392725,14.947991845549884
2022-11-22,17.770184414398337,14.852641150054303
2022-11-23,17.47570997715182,14.759129566892131
2022-11-24,17.267670007826155,14.665801762448869
2022-11-25,17.028488344068652,14.58595069612648
2022-11-28,16.876857440169914,14.500047571891608
2022-11-29,16.653329723143138,14.416879845683658
2022-11-30,16.377378348813373,14.342673803821484
2022-12-01,15.962828348905472,14.273594328922943
2022-12-02,15.44925299526708,14.201523685552385
2022-12-05,14.91524974035446,14.13192988573312
2022-12-06,14.306807433831562,14.046992565253428
2022-12-07,13.707688712163511,13.976483411023302
2022-12-08,12.73480532701705,13.903349117029627
2022-12-09,12.788429496845682,13.819449106537771
2022-12-12,12.864654823443573,13.730912763006744
2022-12-13,12.945905224628126,13.640775334372156
2022-12-14,13.06382289870102,13.540855972696122
2022-12-15,13.099698988969427,13.454049858932208
2022-12-16,13.106616607086416,13.365257926251005
2022-12-19,13.084133757281478,13.279313818025626
2022-12-20,13.0334572348502,13.208788526506083
2022-12-21,12.980843615893113,13.15719921000822
2022-12-22,12.942757510051427,13.1114377156958
2022-12-23,12.86248470959752,13.069056170491583
2022-12-26,12.8411203626455,13.036580431852896
2022-12-27,12.793698360308522,12.993963742398629
2022-12-28,12.712392708567268,12.950798927238312
2022-12-29,12.651405146216586,12.923594715276684
2023-01-02,12.618092116897843,12.897140378692706
2023-01-03,12.544859568684526,12.859040870230356
2023-01-04,12.533590642239131,12.79922736556092
2023-01-05,12.472822508423624,12.743029296528125
2023-01-06,12.44154520160439,12.708400944993588
2023-01-09,12.493132873223557,12.688147137877186
2023-01-10,12.574446446529532,12.674744850777431
2023-01-11,12.723156488370629,12.676399971004392
2023-01-12,12.881109710995675,12.687898150122384
2023-01-13,12.960254549972683,12.687055682060274
2023-01-16,12.997472436137832,12.684594974232274
2023-01-17,12.9604531777151,12.667038508496162
2023-01-18,12.955424199101849,12.653473199267644
2023-01-19,12.99085498994312,12.647705701872288
2023-01-20,13.026413244482402,12.643155192361633
2023-01-23,13.040529036048428,12.631847453590538
2023-01-24,13.03799941103534,12.600506683411531
2023-01-25,13.037901095841818,12.575348908427772
2023-01-26,13.038411858391456,12.547875082598935
2023-01-27,13.030539056229255,12.522799781125237
2023-01-30,13.039177319392264,12.48483650097876
2023-01-31,13.04974109321831,12.45067394525238
2023-02-01,13.011024952502575,12.42544709482438
2023-02-02,12.985979131932345,12.392292378598118
2023-02-03,12.989981832659522,12.367349143792396
2023-02-06,13.005608171921514,12.33313151517123
2023-02-07,13.003106011983276,12.29860223267045
2023-02-08,12.937614608839093,12.262781285332846
2023-02-09,12.776458295963616,12.250192703984007
2023-02-10,12.67016573143117,12.22619193533101
2023-02-13,12.67723504081814,12.165760569559373
2023-02-14,12.656607237499257,12.122581616463908
2023-02-15,12.596457756071194,12.085064549767694
2023-02-16,12.47243952525562,12.066216443034214
2023-02-17,12.337673868060683,12.056706403761869
2023-02-22,12.228502613662096,12.04492340326345
2023-02-23,12.20979380784626,12.028972411109295
2023-02-24,12.167297378033602,12.011662520102252
2023-02-27,12.135391003861193,11.980479649847783
2023-02-28,12.096928136642234,11.94622017424005
2023-03-01,12.102506503379647,11.910327883435658
2023-03-02,12.104051724667103,11.872535753518834
2023-03-03,12.084375192763597,11.830561179063956
2023-03-06,12.077641471685023,11.792551142113073
2023-03-07,12.027996192410797,11.770273605294795
2023-03-08,12.02716298668246,11.759137142056751
2023-03-09,12.080541818957071,11.762348257431247
2023-03-10,12.127713944380668,11.763777232316473
2023-03-13,12.058126128916712,11.751901874963355
2023-03-14,12.02959005932266,11.735524060897026
2023-03-15,11.996735837666126,11.717138907606063
2023-03-16,12.001932941325364,11.705767719641198
2023-03-17,12.044414354601084,11.707428381062188
2023-03-20,12.022602754822865,11.689813851056051
2023-03-21,11.964891744490496,11.665272173892053
2023-03-22,11.910283486926524,11.643017924356284
2023-03-23,11.873163074326111,11.617661887326726
2023-03-24,11.872153150972348,11.578395771084766
2023-03-27,11.883317637086458,11.5453064540599
2023-03-28,11.883949069701757,11.521132520755009
2023-03-29,11.885633110301892,11.497244286071124
2023-03-30,11.885221332278238,11.476611133669952
2023-03-31,11.88784612875834,11.469704213027509
2023-04-03,11.882689886845148,11.45611279953409
2023-04-04,11.884940321312817,11.432124639199362
2023-04-05,11.854738062000362,11.418662365894363
2023-04-06,11.751064031444256,11.409376782810403
2023-04-10,11.63608588404183,11.394152861972843
2023-04-11,11.5964744719961,11.384501557039856
2023-04-12,11.67989798790104,11.39811598327219
2023-04-13,11.747222247230514,11.408874593968584
2023-04-14,11.792985466991992,11.419542990030306
2023-04-17,11.774026213818512,11.42912952208775
2023-04-18,11.822408140367603,11.436349961708697
2023-04-19,11.863114146782126,11.440302021830394
2023-04-20,11.875378845472664,11.435806657927618
2023-04-24,11.896454734378308,11.435467957609072
2023-04-25,11.872054268284522,11.431493819120382
2023-04-26,11.879536914080743,11.437626578406178
2023-04-27,11.879088429107922,11.436884779590962
2023-04-28,11.896033723127273,11.444796241266106
2023-05-02,11.921537050140431,11.455382674546533
2023-05-03,11.93513128694435,11.458920045439775
2023-05-04,11.952505236268228,11.466270497879062
2023-05-05,11.968216862930165,11.48396182762628
2023-05-08,12.180050063802176,11.5242106701512
2023-05-09,12.500167737466889,11.581149936293784
2023-05-10,12.68736382987233,11.6308738466218
2023-05-11,12.851658140800662,11.679644221047228
2023-05-12,13.043853881534536,11.7331452522598
2023-05-15,13.22353996230678,11.786873299199366
2023-05-16,13.424335947732988,11.846466258413322
2023-05-17,13.599160745901758,11.904054416688629
2023-05-18,13.738280177280124,11.95705897083752
2023-05-19,13.862269651048006,12.009645766891053
2023-05-22,14.009335166890898,12.072792420920466
2023-05-23,14.1083593758906,12.128148189103293
2023-05-24,14.188488931102055,12.185651230556292
2023-05-25,14.20721772333471,12.224623470902124
2023-05-26,14.247090614905924,12.280668375550226
2023-05-29,14.280872708416496,12.334515440800365
2023-05-30,14.294175397358805,12.386915025145989
2023-05-31,14.188434227267562,12.42264472103056
2023-06-01,14.027028955652826,12.45066228453258
2023-06-02,13.866558325751786,12.486549398527623
2023-06-05,13.80474493980971,12.52166017052547
2023-06-06,13.877856777535987,12.5736848123116
2023-06-07,13.97515494935832,12.632315844404332
2023-06-09,14.046890507177237,12.688315105891578
2023-06-12,14.179923114906344,12.751429993934126
2023-06-13,14.261124033819709,12.807414025113236
2023-06-14,14.34279155089784,12.861867558181237
2023-06-15,14.431249167737386,12.917843878459648
2023-06-16,14.510334413140292,12.973287770744127
2023-06-19,14.5855677192093,13.02822041375579
2023-06-20,14.711656420991837,13.090975689984212
2023-06-21,14.825086687157548,13.15260003276794
2023-06-22,14.918495131208337,13.210477676878238
2023-06-23,14.913343132553322,13.25112025288981
2023-06-26,14.920589858592589,13.283185189273594
2023-06-27,14.922351020461278,13.3113322624199
2023-06-28,14.925239254375851,13.340290619000475
2023-06-29,14.887853949959116,13.359025809892824
2023-06-30,14.807399466701344,13.379382236968295
2023-07-03,14.752361340290962,13.408364507582649
2023-07-04,14.682715072185143,13.443278291613376
2023-07-05,14.6726399505263,13.473418776520235
2023-07-06,14.675719682925576,13.50338810160423
2023-07-07,14.685466621262645,13.518703861224608
2023-07-10,14.679180782788873,13.53712565439608
2023-07-11,14.678637081367398,13.55516187703408
2023-07-12,14.676195798131358,13.57282764955168
2023-07-13,14.67101042661419,13.584746397193438
2023-07-14,14.66044875507528,13.609676115578145
2023-07-17,14.638090107499766,13.629584693644183
2023-07-18,14.57169473811066,13.654440834688852
2023-07-19,14.481442720934616,13.677311255530942
2023-07-20,14.376639522282357,13.697263194568505
2023-07-21,14.369097482392624,13.716769519953358
2023-07-24,14.492758250504062,13.75370654857067
2023-07-25,14.507664719818054,13.77369516589273
2023-07-26,14.515850779081765,13.790878126318049
2023-07-27,14.525660630460226,13.813115574087284
2023-07-28,14.51522735357896,13.82167655971926
2023-07-31,14.517906802712371,13.835967114278848
2023-08-01,14.519986916731852,13.854751504417136
2023-08-02,14.526252732955545,13.871451317306397
2023-08-03,14.537740219464082,13.889823163505586
2023-08-04,14.53005596322794,13.903426291172282
2023-08-07,14.6745926273031,13.879388270806723
2023-08-08,14.78416902392582,13.852582302037822
2023-08-09,14.846663144100273,13.829188920135852
2023-08-10,14.90396788094055,13.804014139641
2023-08-11,14.914140412068535,13.784212086133804
2023-08-14,14.92920574697242,13.76215049611002
2023-08-15,14.923927265694738,13.73825535515886
2023-08-16,14.90517308192823,13.716646596819968
2023-08-17,14.88645634663845,13.693186566847402
2023-08-18,14.86549319031593,13.665249040611313
2023-08-21,14.738582537762897,13.641780380592987
2023-08-22,14.676143772960408,13.61552140691557
2023-08-23,14.603539896917146,13.59366558606236
2023-08-24,14.48498069877184,13.579751123035193
2023-08-25,14.424336310023785,13.55390059837266
2023-08-28,14.329119064530373,13.522654230793249
2023-08-29,14.168399588102288,13.508825815475776
2023-08-30,13.99540591662288,13.501611716628132
2023-08-31,13.74158185640932,13.483548264622744
2023-09-01,13.417273731191386,13.459108991270025
2023-09-04,13.400737107699046,13.436977439055124
2023-09-05,13.3991148959784,13.413314907253463
2023-09-06,13.424696839015256,13.37977152276922
2023-09-08,13.473140366184166,13.34078822245698
2023-09-11,13.477859811164896,13.303333679019731
2023-09-12,13.452618499678811,13.276467723000804
2023-09-13,13.426923552497785,13.25673517594714
2023-09-14,13.39354507975597,13.239803105687972
2023-09-15,13.370366539855608,13.225561689603913
2023-09-18,13.361651593651976,13.21086547211418
2023-09-19,13.34254609699828,13.196745576878945
2023-09-20,13.330796153853075,13.177437273867914
2023-09-21,13.307093889090796,13.160912773231107
2023-09-22,13.277717788901466,13.126458978336476
2023-09-25,13.30013701637601,13.089640834915672
2023-09-26,13.327340253688655,13.05291538944458
2023-09-27,13.303274475964312,13.012563678567732
2023-09-28,13.2234090125885,12.972443349110362
2023-09-29,13.16427063112388,12.945042612124436
2023-10-02,13.128482152401896,12.920405314959703
2023-10-03,13.08812025931809,12.88997880624173
2023-10-04,13.060999213882454,12.854961141323626
2023-10-05,13.051371237382432,12.837213272253738
2023-10-06,13.05430791562058,12.82219070479767
2023-10-09,13.058628199304994,12.80877192970766
2023-10-10,13.041887635826704,12.791482344109252
2023-10-11,13.009634326756371,12.780282415733682
2023-10-13,12.986674920791318,12.776624479549216
2023-10-16,12.929059829628043,12.765669125634028
2023-10-17,12.88770870482821,12.760216679011334
2023-10-18,12.826228072985185,12.749904768254494
2023-10-19,12.783703246480238,12.735600171773276
2023-10-20,12.729500932038912,12.724224157897153
2023-10-23,12.729072848420149,12.704162213549276
2023-10-24,12.728519088106234,12.685563372901798
2023-10-25,12.726669689002174,12.66769389855422
2023-10-26,12.714094331002968,12.649172354139983
2023-10-27,12.706883534705849,12.64355320968478
2023-10-30,12.708920375850736,12.633081138265329
2023-10-31,12.709621853366215,12.61760810205511
2023-11-01,12.717950358366965,12.59597727135689
2023-11-03,12.695718543964071,12.579591745511706
2023-11-06,12.753544385225236,12.58650566013079
2023-11-07,12.799161614868856,12.592809755564444
2023-11-08,12.927674611795243,12.612075058250548
2023-11-09,13.055559857458617,12.633294303701929
2023-11-10,13.164996988968753,12.654697702111058
2023-11-13,13.208811773171044,12.667810712828382
2023-11-14,13.225782312211084,12.67024892946733
2023-11-16,13.272136331972394,12.683090773410267
2023-11-17,13.416578106809784,12.713040163940594
2023-11-20,13.514266326608311,12.73707369905854
2023-11-21,13.606777392075312,12.761519483718432
2023-11-22,13.669548063441916,12.782974498483572
2023-11-23,13.771808104146462,12.814425807249286
2023-11-24,13.93531387272196,12.8588684008701
2023-11-27,14.06481424142494,12.901906832961055
2023-11-28,14.172446586998012,12.939870630613392
2023-11-29,14.277555156541917,12.981425893670202
2023-11-30,14.330679137587628,13.01864209373652
2023-12-01,14.346859657568944,13.059140391480902
2023-12-04,14.347227148701068,13.099743834883306
2023-12-05,14.38625934741554,13.134651419301562
2023-12-06,14.42751960554275,13.173276117467546
2023-12-07,14.461724228855832,13.204622001822468
2023-12-08,14.49614323540695,13.236094910284432
2023-12-11,14.55766005675204,13.275149539417828
2023-12-12,14.568466337772966,13.308264507383177
2023-12-13,14.494690559908276,13.337368337604994
2023-12-14,14.56361008340946,13.389405208599843
2023-12-15,14.737079199976137,13.449234548169056
2023-12-18,14.900065081635695,13.512481908489018
2023-12-19,15.057474535126977,13.577656788061429
2023-12-20,15.168066845911076,13.640275790003546
2023-12-21,15.227731750098352,13.690606126825651
2023-12-22,15.298797830549704,13.739301859015567
2023-12-26,15.329926664384844,13.777749811805206
2023-12-27,15.354044889530536,13.816405119550168
2023-12-28,15.3889235661375,13.856974170109511
2024-01-02,15.422901847201452,13.89972512530235
2024-01-03,15.424969800227812,13.929138155104372
2024-01-04,15.426160745826452,13.95804929800986
2024-01-05,15.405031563718085,13.97792908789671
2024-01-08,15.405888933219554,14.009390767270418
2024-01-09,15.372710485637093,14.035154748914492
2024-01-10,15.341518177137342,14.044456498274904
2024-01-11,15.366577023953678,14.043779014879492
2024-01-12,15.388978925955255,14.040381068641206
2024-01-15,15.420295116418515,14.032652506213928
2024-01-16,15.455073950130078,14.02728737257851
2024-01-17,15.46781106838414,14.017325332407022
2024-01-18,15.436688389951229,14.008784078335244
2024-01-19,15.373470688508531,13.99748734703248
2024-01-22,15.289891176892397,13.98560350694272
2024-01-23,15.250868514034362,13.968005030050511
2024-01-24,15.196442112340618,13.948349658687851
2024-01-25,15.164245794091894,13.927404850486782
2024-01-26,15.103837700071187,13.908654922722786
2024-01-29,15.00052644836406,13.896134310482989
2024-01-30,14.85907300768232,13.879297398711213
2024-01-31,14.770571638729873,13.859343646711451
2024-02-01,14.654109810571905,13.842919388210282
2024-02-02,14.566490540301237,13.826109100420096
2024-02-05,14.36397247346217,13.810610427632485
2024-02-06,14.147144615153035,13.806377249109843
2024-02-07,14.24077358346349,13.835658796867063
2024-02-08,14.409479790732052,13.77302884439581
2024-02-09,14.57205161602589,13.699102947450486
2024-02-14,14.679477396870562,13.624638165475176
2024-02-15,14.734527075116803,13.549999215763007
2024-02-16,14.75292481963936,13.480350212129476
2024-02-19,14.731101124137489,13.415151511877845
2024-02-20,14.682519225001448,13.35835418839964
2024-02-21,14.606702314594768,13.314785872652235
2024-02-22,14.541760336111532,13.271207073602628
2024-02-23,14.47472599312978,13.232087718591268
2024-02-26,14.408361574929204,13.188314007195649
2024-02-27,14.327233387455358,13.145569331450554
2024-02-28,14.21232732616204,13.11206448980331
2024-02-29,14.105964928018022,13.07781078466789
2024-03-01,14.003679681408876,13.037680486526712
2024-03-04,13.876226378504072,13.000843007670598
2024-03-05,13.737775558269895,12.960939218912856
2024-03-06,13.577732975970834,12.925010238313256
2024-03-07,13.320601208572729,12.893932964228243
2024-03-08,12.398832901677393,12.862008785603678
2024-03-11,12.386994026124093,12.834090746978402
2024-03-12,12.402987655094677,12.810021670025051
2024-03-13,12.43315693568263,12.792749084224724
2024-03-14,12.471100954874297,12.78131794505514
2024-03-15,12.522619866377296,12.77343366720448
2024-03-18,12.522113295814526,12.75828445790062
2024-03-19,12.547744130598048,12.746827841789628
2024-03-20,12.563496209119672,12.733066218518044
2024-03-21,12.608736999337443,12.726041354652295
2024-03-22,12.622577653262615,12.713783590191456
2024-03-25,12.62363037890644,12.695809546668132
2024-03-26,12.62263219905902,12.677851777341264
2024-03-27,12.634055558024778,12.667483800225954
2024-03-28,12.67932116425775,12.665096304874435
2024-04-01,12.697104236727554,12.65935974730736
2024-04-02,12.699746750187623,12.649372615313728
2024-04-03,12.69053738724736,12.642499707433013
2024-04-04,12.726474619755283,12.64554896799429
2024-04-05,12.781270632337051,12.651581232753744
2024-04-08,12.80667440522645,12.65599803724632
2024-04-09,12.850579212551184,12.663689035476914
2024-04-10,12.909939282455484,12.67418097157848
2024-04-11,12.92049034435365,12.673574622214822
2024-04-12,12.92991758898786,12.67264734474094
2024-04-15,12.926241940228882,12.665551115406164
2024-04-16,12.930676731843496,12.651493809139374
2024-04-17,12.94281797573128,12.634540293229689
2024-04-18,12.959109922651898,12.615838488469723
2024-04-19,12.972319062536926,12.595801699122182
2024-04-22,12.999854803953678,12.572069032715412
2024-04-23,13.02757964804723,12.54719874521108
2024-04-24,13.0416804567904,12.526406346142792
2024-04-25,13.051431801655594,12.50642933527326
2024-04-26,13.042158525902092,12.486891067477044
2024-04-29,13.029565410920744,12.47570322280902
2024-04-30,13.027350364904477,12.471159283235012
2024-05-02,13.01839489359677,12.464725186072974
2024-05-03,12.976360988101382,12.453027615993555
2024-05-06,12.91362994811114,12.440372511694196
2024-05-07,12.849515844664731,12.427868381094289
2024-05-08,12.752219333174816,12.41585460855712
2024-05-09,12.60437482748463,12.405347729460344
2024-05-10,12.53622744614623,12.383170504430955
2024-05-13,12.45903357159113,12.359101245877424
2024-05-14,12.403941134190395,12.338047185633435
2024-05-15,12.383828839097916,12.317473619506227
2024-05-16,12.385935723714525,12.29321905555577
2024-05-17,12.381132574849728,12.272332149496712
2024-05-20,12.37409680296007,12.254680798914714
2024-05-21,12.379321134626782,12.234269506730042
2024-05-22,12.380837826423384,12.217075155896936
2024-05-23,12.40184958755984,12.190198788639508
2024-05-24,12.442481984449492,12.156781857898686
2024-05-27,12.456095638882474,12.127782241558949
2024-05-28,12.43877093610024,12.09853905686249
2024-05-29,12.376755278040546,12.070097396221229
2024-05-31,12.322700578206607,12.038283477477718
2024-06-03,12.295410006655684,12.003574514357323
2024-06-04,12.250679638211029,11.972988490466896
2024-06-05,12.186911910985907,11.947715059721908
2024-06-06,12.113720150473783,11.921012729881978
2024-06-07,12.013256309287982,11.904692114440834
2024-06-10,11.97433897517056,11.885554210644212
2024-06-11,11.944358604735296,11.864055254076842
2024-06-12,11.899333172415522,11.845819520068543
2024-06-13,11.856513413407058,11.820001572341438
2024-06-14,11.828012746938413,11.795541809442096
2024-06-17,11.776726033044572,11.77653563949174
2024-06-18,11.704555823601469,11.763114949788651
2024-06-19,11.640640320004858,11.743269173451772
2024-06-20,11.532721119735502,11.726341147034718
2024-06-21,11.498856575606414,11.709007241399815
2024-06-24,11.49647203681191,11.691996459974863
2024-06-25,11.485095506617162,11.677079128203962
2024-06-26,11.477991516329006,11.659180945468307
2024-06-27,11.470122115537333,11.643054375642768
2024-06-28,11.47101152171986,11.629343179902948
2024-07-01,11.464327813847506,11.614743355326294
2024-07-02,11.469947386393786,11.596793703924002
2024-07-03,11.47377913400596,11.578796951245415
2024-07-04,11.475841090421593,11.562934632497798
2024-07-05,11.434568278576872,11.549479942978028
2024-07-08,11.421259237774146,11.541552797087844
2024-07-09,11.422723793484622,11.53393651966394
2024-07-10,11.41286079469571,11.526618919786074
2024-07-11,11.467854143811133,11.527088203827477
2024-07-12,11.511107110259756,11.527539084573135
2024-07-15,11.5403262116872,11.526900727779212
2024-07-16,11.549086103567928,11.52521611043629
2024-07-17,11.577181790324476,11.525026123245564
2024-07-18,11.63266389032271,11.530200655660604
2024-07-19,11.64185254424915,11.526600977070917
2024-07-22,11.644846538113685,11.520642414476775
2024-07-23,11.660371300474631,11.519917504548422
2024-07-24,11.663452726365264,11.516006840822165
2024-07-25,11.66722265947938,11.512606659439967
2024-07-26,11.668598891177442,11.502196984869212
2024-07-29,11.66768468928364,11.495766949648106
2024-07-30,11.658633320031832,11.491374762380197
2024-07-31,11.643201991694593,11.48358347573077
2024-08-01,11.629693611389053,11.47716909868101
2024-08-02,11.623934304415844,11.476720532737216
2024-08-05,11.63585289370374,11.479114266141956
2024-08-06,11.956111311900864,11.515751115312192
2024-08-07,12.303601880107296,11.567046667229713
2024-08-08,12.557704017336452,11.617403755575369
2024-08-09,12.803866161472635,11.671508775223073
2024-08-12,13.094543900780613,11.736010743850391
2024-08-13,13.35896123119828,11.801559988385366
2024-08-14,13.62218003056894,11.870976910921684
2024-08-15,13.874631510146092,11.942321305779554
2024-08-16,14.118797197183628,12.01623302854138
2024-08-19,14.290808008070128,12.080450369192656
2024-08-20,14.562121293720656,12.166113871967116
2024-08-21,14.79761588801749,12.250564050696465
2024-08-22,14.980945518692668,12.329198669940942
2024-08-23,15.09478759346662,12.400815167185234
2024-08-26,15.199533974216976,12.474630600285526
2024-08-27,15.260745385984013,12.543762890683432
2024-08-28,15.239680283436766,12.60338830248893
2024-08-29,15.19530840927207,12.669617375034653
2024-08-30,15.098349228704077,12.731818530579591
2024-09-02,14.915190275009165,12.7919381838879
2024-09-03,14.848728203248482,12.84826946786457
2024-09-04,14.838370779249065,12.908442876315442
2024-09-05,14.812615076235748,12.970553837127158
2024-09-06,14.7962845832615,13.035242670763294
2024-09-09,14.76324798261146,13.08629320777026
2024-09-10,14.726254860053926,13.137132351911104
2024-09-11,14.70228742998723,13.187768318304162
2024-09-12,14.664522340284725,13.229972507524886
2024-09-13,14.63613400512773,13.26801488821124
2024-09-16,14.535041307501888,13.30456541083146
2024-09-17,14.54249898912503,13.335385285754716
2024-09-18,14.555137362130218,13.361415285379396
2024-09-19,14.57772578261794,13.383201567702525
2024-09-20,14.628939962855409,13.396613109545743
2024-09-23,14.708434887689656,13.3994717020109
2024-09-24,14.831295241196816,13.388609746502544
2024-09-25,14.916635120350348,13.3774575967206
2024-09-26,14.943278562505082,13.36996575654733
2024-09-27,14.926624647496386,13.376017952783084
2024-09-30,14.89920004846297,13.386488159815777
2024-10-01,14.879375929901451,13.387953145357812
2024-10-02,14.826170182837124,13.396167745963991
2024-10-03,14.769617956604652,13.423286316987674
2024-10-04,14.668175899566227,13.443526020853412
2024-10-07,14.619223779332906,13.46369893506512
2024-10-08,14.572405296782163,13.488169224163268
2024-10-09,14.51552708488192,13.512406743506167
2024-10-10,14.46032570505289,13.524789983346556
2024-10-11,14.419595819949288,13.539595340229525
2024-10-14,14.362380868736132,13.546550852651206
2024-10-15,14.338447741541096,13.561229728934531
2024-10-16,14.344676164579615,13.580057989160045
2024-10-17,14.35447432457743,13.59633051958332
2024-10-18,14.392633981813615,13.615599570072913
2024-10-21,14.446422121455212,13.63847444206406
2024-10-22,14.447858066751683,13.658998449204509
2024-10-23,14.408358167307416,13.675082972204548
2024-10-24,14.349105301359373,13.68835595692757
2024-10-25,14.33883564917074,13.702198874878844
2024-10-28,14.32791900714473,13.70750269205099
2024-10-29,14.27733293185062,13.722412049502632
2024-10-30,14.237816264910288,13.728740559816256
2024-10-31,14.228010270100448,13.736638222511976
2024-11-01,14.336681188745986,13.720237860579156
2024-11-04,14.453988540712842,13.69503067259392
2024-11-05,14.50515774410518,13.671502648984614
2024-11-06,14.554642783396222,13.642346186196995
2024-11-07,14.619357969030268,13.609965697126714
2024-11-08,14.673986671885055,13.57339582538019
2024-11-11,14.736974778730564,13.532800823075146
2024-11-12,14.763432797876744,13.491978058852128
2024-11-13,14.758445135678558,13.4502084931562
2024-11-14,14.728635709788293,13.413352540428836
2024-11-18,14.663434743561758,13.379761679372647
2024-11-19,14.552230376303312,13.35440306855712
2024-11-21,14.428895827967272,13.33367843345104
2024-11-22,14.30811820508656,13.311946768941755
2024-11-25,14.18215185993539,13.292159264962883
2024-11-26,14.032200122405069,13.265868663366511
2024-11-27,13.907155410205911,13.243884581740732
2024-11-28,13.695889190140914,13.209296515221412
2024-11-29,13.56431301504555,13.155683776154154
2024-12-02,13.380492741884687,13.099442188262309
2024-12-03,13.38257292669231,13.035579455281567
2024-12-04,13.394918372145842,12.972725781873908
2024-12-05,13.35073162700483,12.917440050971395
2024-12-06,13.299365243846824,12.870519027064486
2024-12-09,13.275735197445377,12.814867292793783
2024-12-10,13.261327172070574,12.758481867809264
2024-12-11,13.232652659444794,12.713055896160244
2024-12-12,13.196339586595728,12.67743057679633
2024-12-13,13.178351267846033,12.62716388291461
2024-12-16,13.149544180852883,12.573036320795966
2024-12-17,13.114349041963768,12.513741297303604
2024-12-18,13.0208172156438,12.46005202150363
2024-12-19,12.928104058265994,12.390242780732349
2024-12-20,12.806869805286317,12.323535760027024
2024-12-23,12.619268003603652,12.268921904885511
2024-12-26,12.458251595681055,12.208795093303086
2024-12-27,12.21820921272106,12.154306723351825
2024-12-30,12.042758165099205,12.09867462477072
2025-01-02,11.973593477700604,12.045588630299203
2025-01-03,11.907923879823745,11.999595455779774
2025-01-06,11.88376879452876,11.948623927010685
2025-01-07,11.850729097359968,11.907893421352025
2025-01-08,11.79596469513302,11.874754538390093
2025-01-09,11.695457134472102,11.836171582680112
2025-01-10,11.642549429663688,11.796104528773787
2025-01-13,11.599866901354147,11.752363710138129
2025-01-14,11.494753784160745,11.711836832763971
2025-01-15,11.28347263749318,11.68076679601601
2025-01-16,11.256133271440634,11.66590093109776
2025-01-17,11.246490445565724,11.647871559771584
2025-01-20,11.24821433837964,11.625304275667776
2025-01-21,11.241896780452077,11.605120485940972
2025-01-22,11.266142427902896,11.5861028804898
2025-01-23,11.26753798847118,11.561836715522674
2025-01-24,11.265297164527931,11.53515045867208
2025-01-27,11.26318461060455,11.506138903305096
2025-01-28,11.27798336211922,11.488755099482258
2025-01-29,11.29357347498075,11.473926179409789
2025-01-30,11.29388352023158,11.45518312748814
2025-01-31,11.427639920362786,11.460777638965704
2025-02-03,11.510683140370505,11.464279479685931
2025-02-04,11.58365435064443,11.46689470449834
2025-02-05,11.64080093572693,11.468618402322852
2025-02-06,11.752472885374075,11.480781077999607
2025-02-07,11.88249616106792,11.49884578260873
2025-02-10,11.89016524029082,11.497815600598877
2025-02-11,11.892349871711708,11.497201079377282
2025-02-12,11.945415504527588,11.507117193473489
2025-02-13,11.94247178438468,11.495631404856498
2025-02-14,11.949265972593311,11.490599737035742
2025-02-17,11.98585122824046,11.497397635651335
2025-02-18,12.021108991525766,11.504679360798033
2025-02-19,12.05034094888036,11.511300341400068
2025-02-20,12.0440122395281,11.509406521225198
2025-02-21,12.018861764462873,11.50646125882488
2025-02-24,11.962971907642876,11.499503919671456
2025-02-25,11.955652571546066,11.484939561761546
2025-02-26,11.943463110252187,11.4761996420649
2025-02-27,11.936014675613746,11.459172085743594
2025-02-28,11.955938932925417,11.440185633267664
2025-03-05,12.002238973902369,11.413313368981951
2025-03-06,12.003640373750091,11.3961252975555
2025-03-07,11.995002692467006,11.383346006364787
2025-03-10,11.941233949505296,11.376330014332195
2025-03-11,11.842684002227507,11.36319942912516
2025-03-12,11.82927646618098,11.347952600088734
2025-03-13,11.80997836467855,11.33330368591648
2025-03-14,11.732103672216867,11.326746698312467
2025-03-17,11.782405949495407,11.338488458195012
2025-03-18,11.85443908119466,11.35653538429923
2025-03-19,11.879880611918578,11.373498765332474
2025-03-20,11.925099241475484,11.393931449189015
2025-03-21,11.95675020420579,11.41130769205984
2025-03-24,12.049476296736216,11.434392243758513
2025-03-25,12.163795456790888,11.461457734728327
2025-03-26,12.3179911230671,11.49535507832086
2025-03-27,12.500982493249303,11.53581632134799
2025-03-28,12.646089826275338,11.572811586973073
2025-03-31,12.73477919093888,11.601590430474223
2025-04-01,12.780441085308285,11.6228509243614
2025-04-02,12.792542895607143,11.643959831018927
2025-04-03,12.81421943129854,11.665351650102554
2025-04-04,12.863812513593777,11.695104651751029
2025-04-07,12.889664920742456,11.718324113554296
2025-04-08,12.86074542714511,11.732583024623745
2025-04-09,12.787604805542694,11.733249438113148
2025-04-10,12.698583140548822,11.751139703977392
2025-04-11,12.603872366077884,11.767561748834725
2025-04-14,12.597177991203282,11.78985645423141
2025-04-15,12.619209482223486,11.815493481696926
2025-04-16,12.631578579766558,11.840508512611535
2025-04-17,12.644223685007775,11.863775957367237
2025-04-22,12.6489913644242,11.88843087916922
2025-04-23,12.6581499840086,11.910202242911684
2025-04-24,12.760861878503496,11.94721994448839
2025-04-25,12.902514958693772,11.990835992496734
2025-04-28,13.011293057459085,12.033508249203262
2025-04-29,13.102848603951776,12.073357102448544
2025-04-30,13.223983760464666,12.117393275911615
2025-05-02,13.379129609178284,12.16851916616912
2025-05-05,13.450363920016924,12.206523455938877
2025-05-06,13.493548422641824,12.238391566321308
2025-05-07,13.528006290272907,12.266706692514228
2025-05-08,13.537861260574909,12.286233894566555
2025-05-09,14.023956516485017,12.383306009988637
2025-05-12,14.361189678584728,12.478106903632714
2025-05-13,14.603059147702115,12.560744861613914
2025-05-14,14.87376702951793,12.652426151136734
2025-05-15,15.10016386834334,12.739744332049186
2025-05-16,15.324380833231109,12.829396406499406
2025-05-19,15.519992424742233,12.917452104432622
2025-05-20,15.70359563266637,13.007428910405393
2025-05-21,15.88103081747362,13.09963531271065
2025-05-22,15.964740647048751,13.17747726974082
2025-05-23,16.05979807187435,13.2538020914525
2025-05-26,16.173178768056786,13.334427484072853
2025-05-27,16.273946327845763,13.414962114884236
2025-05-28,16.39451338991203,13.504622560655664
2025-05-29,16.51200738270336,13.594989593392572
2025-05-30,16.605085057889365,13.679125516296448
2025-06-02,16.651236435205384,13.764568649580472
2025-06-03,16.632262295038462,13.84819645000574
2025-06-04,16.568708084233936,13.93926657129362
2025-06-05,16.266627997098453,14.02484368022803
2025-06-06,16.280663800547917,14.088617172523582
2025-06-09,16.28738323002294,14.149505431502629
2025-06-10,16.243279470050144,14.203394021423597
2025-06-11,16.227466044145697,14.25478498385944
2025-06-12,16.253140779540374,14.32299254066868
2025-06-13,16.309488257254415,14.394674508522742
2025-06-16,16.322808286283106,14.456243265469652
2025-06-17,16.400915935262574,14.528848857100284
2025-06-18,16.530354594575964,14.60821527107008
2025-06-20,16.578054111220787,14.679473219998703
2025-06-23,16.581917113985195,14.74255607166542
2025-06-24,16.576179226137263,14.798168879765704
2025-06-25,16.57298169753458,14.853522428478746
2025-06-26,16.577964934713854,14.901324656697104
2025-06-27,16.5986819399718,14.953017192874617
2025-06-30,16.615613667123785,15.003451194870683
2025-07-01,16.67196577223739,15.061899880157236
2025-07-02,16.750510881688783,15.123813960282044
2025-07-03,16.766121143156923,15.171509481198528
2025-07-04,16.8484866718935,15.232610058543338
2025-07-07,16.889552641595472,15.288181097603028
2025-07-08,16.890634901820853,15.335306005803451
2025-07-09,16.858338752394708,15.382149596994562
2025-07-10,16.76845970821572,15.4197143086282
2025-07-11,16.75758392632544,15.44718894198029
2025-07-14,16.766096152371617,15.470061059264957
2025-07-15,16.753312709544836,15.494386308683334
2025-07-16,16.75803266250449,15.517365984499367
2025-07-17,16.738616278109028,15.537877703153535
2025-07-18,16.733310758089484,15.556410039128211
2025-07-21,16.781253147555176,15.560115186770876
2025-07-22,16.816417450603485,15.56406671415758
2025-07-23,16.84624818210305,15.565904881427995
2025-07-24,16.850616601734117,15.577462917598348
2025-07-25,16.86173691795339,15.580734141815348
2025-07-28,16.87626037554624,15.57917696430955
2025-07-29,16.862918313409562,15.572980659370137
2025-07-30,16.809188530056954,15.565852307826496
2025-07-31,16.77501960763923,15.56879549077057
2025-08-01,16.659256499234832,15.5665314193049
2025-08-04,16.539378342987952,15.565531211309317
2025-08-05,16.43783065644183,15.569235863705504
2025-08-06,16.30452461776142,15.573971695732086
2025-08-07,16.204762583159855,15.577737514577649
2025-08-08,16.155644357359296,15.58606153211786
2025-08-11,16.143165353274206,15.600725787256255
2025-08-12,16.10779118394923,15.61246201593367
2025-08-13,16.159025673116982,15.638247837181904
2025-08-14,16.17804565075172,15.657532202812677
2025-08-15,16.17796638875851,15.6713544783448
