Date,wavelet_cD,target
2017-05-02,3.946495907847236e-16,0.0
2017-05-03,-3.2876550959989696e-05,0.0
2017-05-04,5.0523821237824507e-17,0.0
2017-05-05,2.988903653823441e-05,2.0
2017-05-08,3.3393426912553537e-17,2.0
2017-05-09,4.981954228175465e-06,2.0
2017-05-10,1.896269599677148e-15,1.0
2017-05-11,3.3376225241925914e-05,0.0
2017-05-12,1.0351962342891596e-15,0.0
2017-05-15,8.467574449242798e-06,0.0
2017-05-16,4.679416576447437e-16,0.0
2017-05-17,-4.084938065047417e-05,0.0
2017-05-18,1.0636023312082798e-15,2.0
2017-05-19,4.4833890909805546e-05,0.0
2017-05-22,9.389190813724468e-16,1.0
2017-05-23,2.739839552755004e-05,1.0
2017-05-24,2.6356954813122613e-15,1.0
2017-05-25,-3.337443268621528e-05,1.0
2017-05-26,-1.1535911115245767e-16,1.0
2017-05-29,-1.1535911115245767e-16,1.0
2017-05-30,1.188719261913107e-15,1.0
2017-05-31,-1.8929924800649683e-05,1.0
2017-06-01,1.0904905450859204e-15,1.0
2017-06-02,1.7443113734095074e-05,1.0
2017-06-05,2.1978946440626146e-15,1.0
2017-06-06,2.8406258713664992e-05,1.0
2017-06-07,1.0620844481668e-15,0.0
2017-06-08,-1.8935302462134204e-05,0.0
2017-06-09,-4.145989107584569e-16,0.0
2017-06-12,-4.145989107584569e-16,1.0
2017-06-13,-4.902762223979451e-16,1.0
2017-06-14,1.5947676004073345e-05,0.0
2017-06-15,5.939259500875593e-16,0.0
2017-06-16,-1.2957696816812874e-05,0.0
2017-06-19,6.87817858224804e-16,0.0
2017-06-20,-3.986930204362502e-05,0.0
2017-06-21,2.81155307368941e-15,1.0
2017-06-22,1.4930850063643412e-06,1.0
2017-06-23,-7.41594285980085e-17,2.0
2017-06-26,4.9836011364381375e-05,2.0
2017-06-27,7.435458498905589e-16,0.0
2017-06-28,-4.982178288335647e-07,1.0
2017-06-29,-3.892285799222961e-16,1.0
2017-06-30,1.195924453646917e-05,0.0
2017-07-03,2.0220370516854658e-15,0.0
2017-07-04,-7.478645104696006e-06,0.0
2017-07-05,1.3444106938820257e-17,0.0
2017-07-06,-2.5925028610103863e-05,0.0
2017-07-07,7.240302107858201e-16,0.0
2017-07-10,1.4459744592408869e-05,2.0
2017-07-11,1.4580350815585064e-15,2.0
2017-07-12,1.994316565120339e-05,1.0
2017-07-13,9.280770596475918e-16,0.0
2017-07-14,3.98831943417173e-06,0.0
2017-07-17,2.817624605855329e-15,0.0
2017-07-18,1.9937675973806697e-06,0.0
2017-07-19,2.209604027525458e-16,0.0
2017-07-20,1.992311146242374e-06,1.0
2017-07-21,1.1613973671664723e-15,1.0
2017-07-24,1.146662843696123e-05,1.0
2017-07-25,7.045145716810808e-16,0.0
2017-07-26,-8.475416866852428e-06,2.0
2017-07-27,6.737232299824927e-16,0.0
2017-07-28,6.979194896766751e-06,2.0
2017-07-31,1.0388825216756103e-15,2.0
2017-08-01,5.960240283765599e-05,2.0
2017-08-02,1.605269736582038e-15,2.0
2017-08-03,-4.489898298922325e-06,2.0
2017-08-04,4.5232914636095245e-16,2.0
2017-08-07,3.042433781722106e-05,2.0
2017-08-08,2.3219273725949563e-15,0.0
2017-08-09,-1.2469674134736076e-05,0.0
2017-08-10,1.4005723664167746e-15,0.0
2017-08-11,9.974887847712067e-06,2.0
2017-08-14,7.728193085476678e-16,2.0
2017-08-15,8.514180839695913e-06,0.0
2017-08-16,1.753805434212552e-15,0.0
2017-08-17,-1.6120657411331646e-05,2.0
2017-08-18,1.3062467774105357e-15,2.0
2017-08-21,-1.4609086698692124e-05,2.0
2017-08-22,2.3522850334245504e-15,2.0
2017-08-23,2.216671619600756e-05,1.0
2017-08-24,1.4038249729342313e-15,0.0
2017-08-25,-6.0453865716454495e-06,0.0
2017-08-28,1.4281111015979064e-15,0.0
2017-08-29,1.864031538240845e-05,2.0
2017-08-30,1.8323016715005025e-15,0.0
2017-08-31,-2.6197272666814413e-05,2.0
2017-09-01,1.560383766641138e-15,2.0
2017-09-04,-1.0583011609071984e-05,2.0
2017-09-05,7.793245215825806e-16,2.0
2017-09-06,5.54365085759863e-05,2.0
2017-09-07,2.948162547422584e-15,2.0
2017-09-08,-2.520106108342378e-06,2.0
2017-09-11,7.363901155521546e-16,2.0
2017-09-12,-6.0478513335777626e-06,2.0
2017-09-13,6.197299617927143e-16,2.0
2017-09-14,-5.039764075542071e-06,2.0
2017-09-15,2.240829050093041e-15,2.0
2017-09-18,1.562367196651952e-05,0.0
2017-09-19,7.268491364342824e-16,0.0
2017-09-20,-2.318488656341197e-05,0.0
2017-09-21,-9.107298248878236e-17,0.0
2017-09-22,7.560542395135088e-06,0.0
2017-09-25,1.3981871216373065e-15,1.0
2017-09-26,4.031004612525466e-06,0.0
2017-09-27,2.2594773274597912e-15,0.0
2017-09-28,-1.1591771071159211e-05,2.0
2017-09-29,1.3487475025719675e-16,2.0
2017-10-02,3.781839681283716e-06,2.0
2017-10-03,3.712308238590367e-16,2.0
2017-10-04,-2.0165778382954382e-05,0.0
2017-10-05,4.78783679369599e-16,0.0
2017-10-06,-2.672069827923396e-05,0.0
2017-10-09,1.2763227974499358e-15,1.0
2017-10-10,4.839849551755175e-05,1.0
2017-10-11,2.0768976816132323e-15,0.0
2017-10-12,2.0768976816132323e-15,0.0
2017-10-13,2.854921160588831e-15,0.0
2017-10-16,-1.1595132111375752e-05,0.0
2017-10-17,2.7759912424318856e-15,0.0
2017-10-18,4.0330212357987845e-06,0.0
2017-10-19,2.894819800536297e-15,0.0
2017-10-20,-4.537849104431935e-06,0.0
2017-10-23,1.5972466405056453e-15,0.0
2017-10-24,1.613298121954645e-05,0.0
2017-10-25,1.3053794156725473e-15,0.0
2017-10-26,-1.3612651038470182e-05,0.0
2017-10-27,8.825405684032006e-16,0.0
2017-10-30,-2.8233613406824804e-05,0.0
2017-10-31,1.0234868508263162e-16,0.0
2017-11-01,-3.555552211925196e-05,0.0
2017-11-02,1.6106907474444654e-15,2.0
2017-11-03,2.925066343346852e-05,1.0
2017-11-06,3.942159099157294e-16,0.0
2017-11-07,-4.084982878914357e-05,0.0
2017-11-08,1.3760693973186022e-15,2.0
2017-11-09,-5.799806747907232e-05,0.0
2017-11-10,2.912167035296065e-15,1.0
2017-11-13,1.0591526241021578e-05,0.0
2017-11-14,1.1986939218999737e-15,0.0
2017-11-15,1.1986939218999737e-15,2.0
2017-11-16,2.942091015256665e-15,2.0
2017-11-17,2.925223191808067e-05,2.0
2017-11-20,7.212112851373575e-16,2.0
2017-11-21,4.286869213657998e-05,0.0
2017-11-22,6.652664530371055e-16,0.0
2017-11-23,-6.557160587180623e-06,0.0
2017-11-24,-1.6132928326584306e-16,0.0
2017-11-27,1.3111408279416896e-05,2.0
2017-11-28,2.0582494042464816e-15,0.0
2017-11-29,-4.437981470711578e-05,0.0
2017-11-30,2.2221807727262907e-15,0.0
2017-12-01,-1.2606132266963085e-06,2.0
2017-12-04,1.268082860939046e-15,0.0
2017-12-05,-1.2611509928976694e-05,0.0
2017-12-06,2.163633855412073e-15,2.0
2017-12-07,-7.061988458098838e-06,2.0
2017-12-08,8.326672684688674e-16,0.0
2017-12-11,5.55131402415511e-06,0.0
2017-12-12,1.6783449630075609e-15,0.0
2017-12-13,-4.7929518714425086e-05,0.0
2017-12-14,3.0184188481996443e-16,0.0
2017-12-15,7.315858845618681e-06,2.0
2017-12-18,1.3634926521177704e-15,0.0
2017-12-19,-1.164330698634128e-05,2.0
2017-12-20,1.8604909279851256e-15,2.0
2017-12-21,8.759088455601288e-05,2.0
2017-12-22,2.0729945537922845e-15,1.0
2017-12-25,2.0729945537922845e-15,1.0
2017-12-26,1.9359513991901167e-15,2.0
2017-12-27,-1.1646892091425607e-05,2.0
2017-12-28,2.940356291780688e-16,2.0
2017-12-29,2.940356291780688e-16,2.0
2018-01-02,2.77642492330088e-15,2.0
2018-01-03,1.5194131340402588e-05,2.0
2018-01-04,1.2984405217686401e-15,2.0
2018-01-05,6.583824822120436e-06,0.0
2018-01-08,7.806255641895632e-18,0.0
2018-01-09,-2.481812684299641e-05,0.0
2018-01-10,1.3760693973186022e-15,2.0
2018-01-11,4.71022552914987e-05,2.0
2018-01-12,1.5664552988070568e-15,2.0
2018-01-15,1.4181562699552149e-05,2.0
2018-01-16,1.9268441009412385e-15,2.0
2018-01-17,3.849239691245494e-05,2.0
2018-01-18,2.690989792109022e-15,2.0
2018-01-19,1.924642252582433e-05,2.0
2018-01-22,5.173812767100827e-16,2.0
2018-01-23,-9.116702871774225e-06,2.0
2018-01-24,1.7277845820729e-15,2.0
2018-01-25,1.7277845820729e-15,2.0
2018-01-26,7.246807320893114e-16,2.0
2018-01-29,-6.128336984764825e-05,0.0
2018-01-30,-7.25981774696294e-16,2.0
2018-01-31,3.899789699009313e-05,0.0
2018-02-01,5.30825383648903e-16,0.0
2018-02-02,-3.343739612611703e-05,0.0
2018-02-05,1.4510961876545993e-15,0.0
2018-02-06,9.119100413066978e-05,2.0
2018-02-07,3.183217578417441e-15,0.0
2018-02-08,-1.2665286532216602e-05,0.0
2018-02-09,1.5525775109992425e-15,2.0
2018-02-14,0.0001104450450069,0.0
2018-02-15,2.8839777788114418e-15,0.0
2018-02-16,-8.682658456971807e-05,2.0
2018-02-19,9.250412935646324e-16,2.0
2018-02-20,6.297598846352658e-05,2.0
2018-02-21,3.194059600142296e-15,0.0
2018-02-22,1.4729635925496507e-05,0.0
2018-02-23,3.155462002801812e-15,0.0
2018-02-26,-3.0459964800721995e-06,0.0
2018-02-27,3.583505020499089e-15,0.0
2018-02-28,-8.989341948368494e-05,0.0
2018-03-01,7.35089072945172e-16,2.0
2018-03-02,1.371729135244684e-05,2.0
2018-03-05,2.834971840615097e-15,1.0
2018-03-06,-9.65312449618212e-06,0.0
2018-03-07,2.452465314162211e-15,1.0
2018-03-08,-1.828763048587626e-05,0.0
2018-03-09,7.281501790412648e-16,1.0
2018-03-12,2.9974630967023307e-05,0.0
2018-03-13,1.5378323614534397e-15,0.0
2018-03-14,-5.943972860526173e-05,0.0
2018-03-15,2.1545265571631944e-15,0.0
2018-03-16,-1.0668381967903625e-05,0.0
2018-03-19,4.122136659789888e-15,0.0
2018-03-20,8.12855777210979e-06,1.0
2018-03-21,3.527126507529843e-15,1.0
2018-03-22,-8.127885564123468e-06,2.0
2018-03-23,7.055987738535663e-16,2.0
2018-03-26,3.149830141585151e-05,0.0
2018-03-27,-1.4268100589909238e-15,0.0
2018-03-28,2.33699677106387e-05,2.0
2018-03-29,3.208804749688099e-15,0.0
2018-04-02,-1.2451076392517874e-05,0.0
2018-04-03,3.2959746043559335e-17,0.0
2018-04-04,1.67706821171381e-05,2.0
2018-04-05,2.338407245616736e-15,0.0
2018-04-06,1.270360236625169e-05,0.0
2018-04-09,1.476683358925257e-15,0.0
2018-04-10,1.2705394919554098e-05,1.0
2018-04-11,2.4216739724636227e-15,1.0
2018-04-12,2.2866708326768626e-05,0.0
2018-04-13,1.2394599235854289e-15,0.0
2018-04-16,-3.760418666510449e-05,1.0
2018-04-17,2.970713952610282e-16,2.0
2018-04-18,4.878792776029763e-05,0.0
2018-04-19,2.338407245616736e-15,0.0
2018-04-20,-5.590750196560884e-06,1.0
2018-04-23,2.5318289131881503e-15,1.0
2018-04-24,-1.2703826431888394e-05,0.0
2018-04-25,3.548376870110559e-15,2.0
2018-04-26,5.945765414375106e-05,0.0
2018-04-27,2.387846864682075e-15,0.0
2018-04-30,-2.490148057817613e-05,0.0
2018-05-02,1.0612170864288115e-15,0.0
2018-05-03,-4.879913121674838e-05,0.0
2018-05-04,1.330532906074211e-15,1.0
2018-05-07,3.55799456857632e-06,1.0
2018-05-08,5.000340419503146e-16,2.0
2018-05-09,7.62440211350213e-06,0.0
2018-05-10,3.3653635433950063e-16,0.0
2018-05-11,-3.964926610419868e-05,0.0
2018-05-14,2.931682674400804e-16,0.0
2018-05-15,-9.150761386158418e-06,2.0
2018-05-16,2.2811613709095013e-15,0.0
2018-05-17,-0.0001275905948623,0.0
2018-05-18,2.304146456966194e-15,1.0
2018-05-21,-3.15164510142278e-05,0.0
2018-05-22,2.082535532910157e-15,0.0
2018-05-23,-4.3716345854281045e-05,0.0
2018-05-24,1.5573480005581786e-15,0.0
2018-05-25,-2.0335174682726848e-05,0.0
2018-05-28,2.9989032090949053e-15,0.0
2018-05-29,-7.625298384771138e-06,0.0
2018-05-30,1.403391292065237e-15,2.0
2018-06-01,4.3477712177459465e-05,0.0
2018-06-04,1.9047263766225338e-15,0.0
2018-06-05,-7.068262396042746e-05,0.0
2018-06-06,2.546574062733953e-15,0.0
2018-06-07,-6.254622376673097e-05,0.0
2018-06-08,2.429046547236524e-15,0.0
2018-06-11,-6.051301999447601e-05,0.0
2018-06-12,1.6488546639159553e-15,0.0
2018-06-13,-1.9833035644946543e-05,0.0
2018-06-14,3.152859917587847e-16,0.0
2018-06-15,1.881374493227116e-05,2.0
2018-06-18,2.115495278953717e-15,2.0
2018-06-19,8.644678730495171e-05,2.0
2018-06-20,1.3938503129473645e-15,0.0
2018-06-21,-5.4409375432139424e-05,0.0
2018-06-22,7.307522642552301e-16,1.0
2018-06-25,4.067976028692289e-06,0.0
2018-06-26,2.753439837244187e-15,2.0
2018-06-27,-3.610359534243725e-05,2.0
2018-06-28,8.74734312761305e-16,2.0
2018-06-29,3.5087441596712374e-05,2.0
2018-07-02,1.1835150914851766e-15,2.0
2018-07-03,4.832679337810108e-05,1.0
2018-07-04,6.9735883734267655e-16,1.0
2018-07-05,-1.3734768746238165e-05,2.0
2018-07-06,1.938987165273076e-15,2.0
2018-07-10,5.59523158441674e-06,2.0
2018-07-11,2.33884092648573e-15,2.0
2018-07-12,4.069611733284679e-05,2.0
2018-07-13,-6.938893903907227e-17,2.0
2018-07-16,-8.139985300751468e-06,2.0
2018-07-17,1.2862974574368025e-15,2.0
2018-07-18,-2.8996344909070805e-05,0.0
2018-07-19,1.5161483180037294e-15,2.0
2018-07-20,6.51142806830686e-05,0.0
2018-07-23,1.5191840840866888e-15,0.0
2018-07-24,-1.525911136850914e-06,0.0
2018-07-25,1.960237527853792e-16,1.0
2018-07-26,-3.764451911933073e-05,0.0
2018-07-27,1.4467593789646573e-15,0.0
2018-07-30,3.408495607058054e-05,0.0
2018-07-31,1.5161483180037294e-15,0.0
2018-08-01,2.875098915462726e-05,2.0
2018-08-02,2.3652954594943765e-15,2.0
2018-08-03,5.54669819834196e-05,0.0
2018-08-06,2.2252165388092493e-15,0.0
2018-08-07,-1.424699089986681e-05,0.0
2018-08-08,3.681950577760773e-16,0.0
2018-08-09,-1.2213338989718308e-05,0.0
2018-08-10,2.242130092700023e-16,0.0
2018-08-13,1.730082980447344e-05,1.0
2018-08-14,8.357030345518268e-16,0.0
2018-08-15,-1.526583347589679e-05,0.0
2018-08-16,2.255574199638844e-15,0.0
2018-08-17,-5.7500633889544846e-05,0.0
2018-08-20,1.1817803680091998e-15,1.0
2018-08-21,-2.839920053382015e-05,0.0
2018-08-22,8.083811398051921e-16,1.0
2018-08-23,-8.623347344171445e-05,0.0
2018-08-24,2.3219273725949563e-15,1.0
2018-08-27,7.125646514126883e-05,1.0
2018-08-28,7.819266067965458e-16,0.0
2018-08-29,3.666175168128829e-05,0.0
2018-08-30,1.0503750647039569e-15,0.0
2018-08-31,2.943238354277764e-05,1.0
2018-09-03,-3.287300986976049e-16,0.0
2018-09-04,-1.859594968297348e-05,1.0
2018-09-05,2.797241605012601e-16,2.0
2018-09-06,5.423729030425194e-05,1.0
2018-09-10,3.926112907004509e-15,0.0
2018-09-11,-7.644814812356833e-05,0.0
2018-09-12,4.518954654919582e-16,2.0
2018-09-13,-1.1880372181386108e-05,2.0
2018-09-14,2.720913772069622e-15,2.0
2018-09-17,5.165534110313213e-05,2.0
2018-09-18,1.4710455076283324e-15,0.0
2018-09-19,1.5497072876929918e-05,2.0
2018-09-20,9.710114656780178e-16,0.0
2018-09-21,3.77079306995618e-05,0.0
2018-09-24,1.4610708476414658e-15,0.0
2018-09-25,5.164794683359692e-06,2.0
2018-09-26,1.8752360775309285e-15,2.0
2018-09-27,6.146777878751966e-05,2.0
2018-09-28,2.0816681711721685e-15,2.0
2018-10-01,-2.5577049168182264e-05,2.0
2018-10-02,8.643259719054441e-16,2.0
2018-10-03,0.0001059269139886,0.0
2018-10-04,1.7564075194265172e-15,2.0
2018-10-05,-8.268601010012235e-06,2.0
2018-10-08,1.796739840242978e-15,0.0
2018-10-09,-1.343339569361392e-05,0.0
2018-10-10,7.936359902593892e-16,0.0
2018-10-11,-2.945187755846752e-05,1.0
2018-10-15,3.1433189384699745e-15,1.0
2018-10-16,9.921088835000529e-05,1.0
2018-10-17,1.2741543931049648e-15,0.0
2018-10-18,-7.595855695651053e-05,0.0
2018-10-19,2.9303816317938214e-15,1.0
2018-10-22,3.617104016852843e-05,1.0
2018-10-23,3.039235529911366e-15,1.0
2018-10-24,-6.56240380721533e-05,0.0
2018-10-25,1.377804120794579e-15,2.0
2018-10-26,4.650488684722733e-05,0.0
2018-10-29,1.377804120794579e-15,0.0
2018-10-30,7.285743946061499e-05,2.0
2018-10-31,2.458970527197124e-15,0.0
2018-11-01,3.643992319185985e-05,1.0
2018-11-05,1.805413457622862e-15,1.0
2018-11-06,1.6541011202630528e-05,1.0
2018-11-07,3.0075768264747893e-15,0.0
2018-11-08,-3.618269176263811e-05,0.0
2018-11-09,1.3725999503666486e-15,2.0
2018-11-12,7.235642077042543e-06,2.0
2018-11-13,-1.3574211199518516e-16,1.0
2018-11-14,2.2742125859802256e-05,2.0
2018-11-16,2.1853178988617827e-15,1.0
2018-11-19,-1.5507828171165867e-06,0.0
2018-11-21,3.696695727306576e-15,0.0
2018-11-22,-6.201786861090991e-06,0.0
2018-11-23,1.1345091532888318e-15,0.0
2018-11-26,-4.419473356082754e-05,0.0
2018-11-27,1.1817803680091998e-15,2.0
2018-11-28,6.822817012547147e-05,2.0
2018-11-29,1.3361707573711357e-15,0.0
2018-11-30,-2.5585115656877586e-05,0.0
2018-12-03,3.364929862526012e-15,0.0
2018-12-04,-3.102910054342701e-06,0.0
2018-12-05,2.12720466241656e-15,0.0
2018-12-06,2.482148788106016e-05,1.0
2018-12-07,2.1788126858268697e-15,0.0
2018-12-10,-7.368515102189853e-05,0.0
2018-12-11,2.6185650869869903e-15,1.0
2018-12-12,1.86145474281316e-05,1.0
2018-12-13,-5.399326818977812e-16,1.0
2018-12-14,-2.016533024560294e-05,0.0
2018-12-17,3.2608464539674027e-15,0.0
2018-12-18,4.349608585081958e-05,0.0
2018-12-19,4.453902524570452e-16,0.0
2018-12-20,-7.750553046863458e-07,0.0
2018-12-21,9.037909309839165e-16,0.0
2018-12-26,-5.818852628438134e-05,2.0
2018-12-27,1.6315074291561869e-15,2.0
2018-12-28,9.310455495798332e-05,2.0
2019-01-02,1.8691645453650092e-16,2.0
2019-01-03,4.734850732430627e-05,2.0
2019-01-04,8.370040771588094e-16,1.0
2019-01-07,5.433453633013098e-06,2.0
2019-01-08,2.155393918901183e-15,1.0
2019-01-09,4.424425285480624e-05,0.0
2019-01-10,2.104219576359867e-15,0.0
2019-01-11,-1.7851815923423595e-05,0.0
2019-01-14,3.655929725621121e-16,0.0
2019-01-15,-4.5797052292769706e-05,0.0
2019-01-16,1.38821246165044e-15,1.0
2019-01-17,1.38821246165044e-15,1.0
2019-01-18,2.40996458900078e-15,1.0
2019-01-21,-2.4061893347125576e-05,1.0
2019-01-22,2.329733628236852e-15,1.0
2019-01-23,1.9407304200061773e-05,2.0
2019-01-24,5.347285114698508e-16,2.0
2019-01-28,5.200645751203938e-05,2.0
2019-01-29,3.655929725621121e-16,0.0
2019-01-30,1.8628439716625225e-05,2.0
2019-01-31,3.185385982762412e-15,2.0
2019-02-01,3.495255196592651e-06,0.0
2019-02-04,1.758142242902494e-15,0.0
2019-02-05,-0.000131231270956,0.0
2019-02-06,3.4165378859363216e-15,0.0
2019-02-07,1.0096109273951236e-05,1.0
2019-02-08,1.8370721610594387e-15,1.0
2019-02-11,-3.26143900143943e-05,0.0
2019-02-12,3.647689789110231e-15,0.0
2019-02-13,-6.67786665722093e-05,0.0
2019-02-14,4.156397448440431e-15,1.0
2019-02-15,-3.028339829595425e-05,1.0
2019-02-18,4.0414720181569655e-15,1.0
2019-02-19,6.600383534403507e-05,1.0
2019-02-20,3.642919299551295e-17,0.0
2019-02-21,5.280324753183761e-05,0.0
2019-02-22,1.960237527853792e-15,0.0
2019-02-25,-4.435964848244559e-05,0.0
2019-02-26,9.163676761847483e-16,0.0
2019-02-27,-2.5348050461049525e-05,0.0
2019-02-28,1.6072213004925118e-15,0.0
2019-03-01,-2.971919209443768e-05,0.0
2019-03-06,9.510621457042845e-16,2.0
2019-03-07,3.8040897507228295e-05,2.0
2019-03-08,1.1401470045857565e-15,2.0
2019-03-11,9.272229293333942e-05,2.0
2019-03-12,7.229460086133346e-16,0.0
2019-03-13,3.169906740622388e-05,0.0
2019-03-14,2.02919278602387e-15,0.0
2019-03-15,-7.927567698931721e-07,0.0
2019-03-18,-1.663599813461758e-15,0.0
2019-03-19,-6.815310694891809e-05,0.0
2019-03-20,1.884777056648801e-15,0.0
2019-03-21,-4.913433871210887e-05,0.0
2019-03-22,2.112459512870757e-15,0.0
2019-03-25,3.9633357212342894e-06,0.0
2019-03-26,5.403663627667754e-16,0.0
2019-03-27,-9.113588310875106e-05,0.0
2019-03-28,1.6917890699463813e-15,2.0
2019-03-29,2.615223476549371e-05,0.0
2019-04-01,2.2538394761628666e-15,0.0
2019-04-02,-4.281065821535581e-05,0.0
2019-04-03,3.9105003957207166e-15,0.0
2019-04-04,3.9642544031051e-05,1.0
2019-04-05,1.7377592420597665e-15,0.0
2019-04-08,-1.6648564407955885e-05,0.0
2019-04-09,2.155393918901183e-15,0.0
2019-04-10,-4.757212834224402e-06,0.0
2019-04-11,1.702197410802242e-15,0.0
2019-04-12,-2.7749175832449385e-05,0.0
2019-04-15,1.497933721505973e-15,0.0
2019-04-16,-2.378942519744472e-06,0.0
2019-04-17,3.0682921481339768e-15,0.0
2019-04-18,3.488577933233967e-05,2.0
2019-04-22,1.5009694875889325e-15,2.0
2019-04-23,3.329824916627243e-05,1.0
2019-04-24,-4.163336342344337e-17,1.0
2019-04-25,4.043507673438807e-05,1.0
2019-04-26,1.5413018084053933e-15,0.0
2019-04-29,-2.1405329105428188e-05,0.0
2019-04-30,2.488027145419736e-15,0.0
2019-05-02,1.7846438266111517e-05,0.0
2019-05-03,1.7876325419940997e-15,0.0
2019-05-06,-5.86960429853978e-05,0.0
2019-05-07,1.5330618718945033e-15,0.0
2019-05-08,2.9348133529223924e-05,0.0
2019-05-09,3.8593260531794016e-15,0.0
2019-05-10,-1.18980736454684e-05,0.0
2019-05-13,5.7462715141731735e-16,1.0
2019-05-14,-1.1897177369589364e-05,0.0
2019-05-15,1.519617764955683e-15,2.0
2019-05-16,-3.251983281935683e-05,2.0
2019-05-17,1.775055796793268e-15,2.0
2019-05-20,6.504101005908947e-05,2.0
2019-05-21,-5.0133508455729725e-16,2.0
2019-05-22,2.379614732549856e-06,0.0
2019-05-23,4.430483757644765e-15,2.0
2019-05-24,-3.965890107972096e-05,0.0
2019-05-27,1.6072213004925118e-15,2.0
2019-05-28,7.37664881366373e-05,2.0
2019-05-29,2.499302848013585e-15,2.0
2019-05-30,2.8555376758160247e-05,1.0
2019-05-31,1.979753166958531e-15,1.0
2019-06-03,7.538583615222198e-06,0.0
2019-06-04,2.3930510351100054e-15,0.0
2019-06-05,-5.3961012997744313e-05,0.0
2019-06-06,3.7921055184853e-15,0.0
2019-06-07,2.936090547433004e-05,0.0
2019-06-10,2.248201624865942e-15,0.0
2019-06-11,1.3489412991930794e-05,0.0
2019-06-12,3.01798516733065e-15,0.0
2019-06-13,-4.919797436146603e-05,0.0
2019-06-14,4.961742822162663e-15,2.0
2019-06-17,-3.171923362462175e-06,2.0
2019-06-18,-3.183217578417441e-16,2.0
2019-06-19,4.364397151041758e-05,2.0
2019-06-21,2.3180242447740085e-15,1.0
2019-06-24,-6.34832810875131e-06,0.0
2019-06-25,1.5616848092481206e-15,1.0
2019-06-26,6.745065005989538e-05,1.0
2019-06-27,4.234026323990392e-15,2.0
2019-06-28,7.945493264173951e-07,0.0
2019-07-01,1.154024792393571e-15,0.0
2019-07-02,-1.0319730317826566e-05,2.0
2019-07-03,2.2447321779139884e-15,2.0
2019-07-04,3.3343735209703795e-05,1.0
2019-07-05,2.248201624865942e-15,0.0
2019-07-08,-7.937874897091801e-06,0.0
2019-07-10,2.1289393858925365e-15,0.0
2019-07-11,-3.968937445875728e-06,0.0
2019-07-12,4.067926551165613e-15,0.0
2019-07-15,-7.938771172480777e-06,1.0
2019-07-16,3.393552799879629e-15,2.0
2019-07-17,-7.939443379688643e-06,2.0
2019-07-18,3.722716579446228e-15,2.0
2019-07-19,-7.700518411362517e-05,0.0
2019-07-22,1.4797191250082165e-15,0.0
2019-07-23,2.858159285201896e-05,0.0
2019-07-24,2.953366717850514e-15,0.0
2019-07-25,-9.129362781493035e-05,0.0
2019-07-26,-1.48318857196017e-16,0.0
2019-07-29,1.1907932695361284e-05,0.0
2019-07-30,3.5600862535734016e-15,0.0
2019-07-31,-7.541586139624438e-05,0.0
2019-08-01,1.8470468210463054e-15,0.0
2019-08-02,3.970057796632339e-06,0.0
2019-08-05,2.6493564286855786e-15,2.0
2019-08-06,8.259683059347192e-05,2.0
2019-08-07,1.2125717097077882e-15,2.0
2019-08-08,1.588336815006898e-05,0.0
2019-08-09,2.2039661762285334e-15,0.0
2019-08-12,-0.0001207174967239,0.0
2019-08-13,1.2429293705373825e-15,0.0
2019-08-14,-6.274273243911301e-05,0.0
2019-08-15,7.398595625041082e-16,0.0
2019-08-16,-3.2841596167571506e-05,0.0
2019-08-19,3.5839387013680835e-15,0.0
2019-08-20,-3.0387142330614084e-05,0.0
2019-08-21,3.820728455838918e-15,0.0
2019-08-22,-4.3183285267769066e-05,0.0
2019-08-23,1.6432168126190305e-15,2.0
2019-08-26,-7.988066388297209e-07,1.0
2019-08-27,1.6102570665754712e-15,2.0
2019-08-28,3.0387142335296536e-05,2.0
2019-08-29,6.401129626354418e-16,0.0
2019-08-30,-1.1995543740386805e-05,0.0
2019-09-02,8.018759267702793e-16,0.0
2019-09-03,-5.120025658643e-05,2.0
2019-09-04,3.703634621210483e-16,2.0
2019-09-05,7.520209939800102e-05,2.0
2019-09-06,2.8267319041042068e-15,2.0
2019-09-09,6.880066689104233e-05,1.0
2019-09-10,4.878476095315776e-15,0.0
2019-09-11,-1.2799503971247085e-05,1.0
2019-09-12,6.114900252818245e-16,0.0
2019-09-13,3.840164889448109e-05,0.0
2019-09-16,1.3248950547772864e-15,0.0
2019-09-17,1.040039522565107e-05,0.0
2019-09-18,1.113258790708116e-15,0.0
2019-09-19,-4.7200173520220174e-05,0.0
2019-09-20,3.5691935518222806e-15,0.0
2019-09-23,-8.799869045041965e-06,1.0
2019-09-24,1.2984405217686401e-15,0.0
2019-09-25,3.199999231842405e-05,2.0
2019-09-26,2.060851489460447e-15,0.0
2019-09-27,-1.200092140332329e-05,0.0
2019-09-30,1.8166891602167112e-15,0.0
2019-10-01,-6.362802978494278e-05,0.0
2019-10-02,6.041174505089233e-16,0.0
2019-10-03,8.008232639145248e-07,1.0
2019-10-04,2.089474426814064e-15,1.0
2019-10-07,-4.962258546393431e-05,0.0
2019-10-08,1.6263032587282568e-15,2.0
2019-10-09,4.1619730508171866e-05,2.0
2019-10-10,2.089474426814064e-15,2.0
2019-10-11,3.441433777136033e-05,2.0
2019-10-14,1.8132197132647576e-15,2.0
2019-10-15,-6.401880641022841e-06,2.0
2019-10-16,3.495034123224272e-15,2.0
2019-10-17,-1.6808773875986397e-05,0.0
2019-10-18,1.2503019453102837e-15,2.0
2019-10-21,4.48198865880523e-05,2.0
2019-10-22,-2.866630544051673e-16,2.0
2019-10-23,4.081935538397452e-05,2.0
2019-10-24,2.2126397936084174e-15,0.0
2019-10-25,1.9207434488219093e-05,0.0
2019-10-28,4.9439619065339e-16,0.0
2019-10-29,-5.282341375064704e-05,0.0
2019-10-30,2.342744054306678e-15,0.0
2019-10-31,-5.122154315945812e-05,2.0
2019-11-01,-1.89084858881472e-16,2.0
2019-11-04,9.608758804223808e-06,2.0
2019-11-05,1.6692376647586826e-15,0.0
2019-11-06,-4.003444103197222e-05,0.0
2019-11-07,3.146788385421928e-15,0.0
2019-11-08,-4.403698885487722e-05,0.0
2019-11-11,1.1149935141840928e-15,0.0
2019-11-12,-4.964319983119395e-05,0.0
2019-11-13,-6.761084747619608e-16,0.0
2019-11-14,1.841557399039117e-05,1.0
2019-11-18,1.540868127536399e-15,0.0
2019-11-19,-3.12258332854083e-05,0.0
2019-11-21,3.5197539327569416e-15,0.0
2019-11-22,1.921662132594628e-05,0.0
2019-11-25,-1.8691645453650092e-16,0.0
2019-11-26,-5.764919175898662e-05,0.0
2019-11-27,-8.495808223596415e-16,0.0
2019-11-28,-8.006888204337408e-06,2.0
2019-11-29,2.4988691671445906e-15,2.0
2019-12-02,3.96508345926307e-05,2.0
2019-12-03,4.253108282226137e-15,2.0
2019-12-04,0.0001017325629431,2.0
2019-12-05,2.214374517084395e-15,0.0
2019-12-06,-5.286733131020221e-05,0.0
2019-12-09,1.2771901591879242e-15,0.0
2019-12-10,-4.24550604214073e-05,0.0
2019-12-11,1.7286519438108885e-15,0.0
2019-12-12,-8.005991908961382e-07,1.0
2019-12-13,-2.8102520310824275e-16,1.0
2019-12-16,-6.655616587752239e-05,0.0
2019-12-17,1.4177027607420456e-15,2.0
2019-12-18,3.688716527785541e-05,2.0
2019-12-19,8.530502693115949e-16,2.0
2019-12-20,-1.2830425518823869e-05,2.0
2019-12-23,3.811621157590039e-15,2.0
2019-12-26,4.490525694409797e-05,2.0
2019-12-27,1.996666720849305e-15,0.0
2019-12-30,-1.603752774329524e-05,0.0
2020-01-02,3.3180923286746378e-15,0.0
2020-01-03,-3.2089619986545945e-05,0.0
2020-01-06,3.694527322961605e-15,0.0
2020-01-07,-6.899000534961496e-05,0.0
2020-01-08,2.297641243931281e-15,0.0
2020-01-09,-5.695636984210436e-05,0.0
2020-01-10,1.1462185367516753e-15,0.0
2020-01-13,3.6901057568946346e-05,0.0
2020-01-14,6.414140052424244e-16,0.0
2020-01-15,-3.449455453618773e-05,0.0
2020-01-16,1.5673226605450452e-15,0.0
2020-01-17,1.9252696461655693e-05,0.0
2020-01-20,3.696262046437582e-15,0.0
2020-01-21,-5.856115333575636e-05,0.0
2020-01-22,1.639313684798083e-15,0.0
2020-01-23,6.41763270804313e-05,0.0
2020-01-24,2.0599841277224584e-15,0.0
2020-01-27,-5.936309694381647e-05,0.0
2020-01-28,2.789001668501712e-15,0.0
2020-01-29,-4.171473583799339e-05,0.0
2020-01-30,3.5288612310058202e-15,2.0
2020-01-31,-5.053835621588723e-05,1.0
2020-02-03,2.4082298655248024e-15,2.0
2020-02-04,2.0865994587539616e-05,2.0
2020-02-05,2.5023386140965442e-15,0.0
2020-02-06,-6.419806177535882e-06,0.0
2020-02-07,2.301978052621223e-15,2.0
2020-02-10,4.574618859120444e-05,2.0
2020-02-11,8.070800971982095e-16,0.0
2020-02-12,-1.1234380723033118e-05,0.0
2020-02-13,2.9256111422348848e-15,0.0
2020-02-14,-4.655059695808216e-05,0.0
2020-02-17,4.280430176972772e-16,0.0
2020-02-18,1.1235725144069422e-05,0.0
2020-02-19,1.5434702127503641e-15,0.0
2020-02-20,-9.630045369684192e-06,0.0
2020-02-21,1.889981227076732e-15,0.0
2020-02-26,-0.000132706318393,2.0
2020-02-27,3.894454203567932e-16,2.0
2020-02-28,7.571544189811322e-05,0.0
2020-03-02,8.903468240450962e-16,0.0
2020-03-03,-4.7242522596808566e-05,0.0
2020-03-04,1.3205582460873444e-15,0.0
2020-03-05,-8.796888926806577e-05,0.0
2020-03-06,1.431146867680866e-17,0.0
2020-03-09,-0.0001686073551966,2.0
2020-03-10,1.2177758801357186e-15,0.0
2020-03-11,-0.0001889698663229,0.0
2020-03-12,7.515689459669519e-16,2.0
2020-03-13,0.0002125921359374,0.0
2020-03-16,1.6109075878789625e-15,2.0
2020-03-17,0.0001140344092578,0.0
2020-03-18,8.237768106544865e-16,0.0
2020-03-19,-4.887262590841921e-05,0.0
2020-03-20,1.3376886404126154e-15,0.0
2020-03-23,-0.0001246230225972,1.0
2020-03-24,2.2963402013242984e-16,1.0
2020-03-25,8.959731206141064e-05,1.0
2020-03-26,1.553878553606225e-15,0.0
2020-03-27,-0.0001042587189145,0.0
2020-03-30,1.4103301859691442e-15,0.0
2020-03-31,-8.308171630358636e-05,0.0
2020-04-01,2.430781270712501e-16,0.0
2020-04-02,8.150852658964656e-06,2.0
2020-04-03,6.4791921827733745e-16,2.0
2020-04-06,0.0001238885238141,2.0
2020-04-07,1.0564465968698757e-15,1.0
2020-04-08,9.617654346431512e-05,1.0
2020-04-09,1.8771876414414024e-15,0.0
2020-04-13,4.075280683526008e-05,1.0
2020-04-14,2.3566218421144924e-15,0.0
2020-04-15,-7.335509711421922e-05,0.0
2020-04-16,1.7850304567801345e-15,0.0
2020-04-17,3.3417790076461715e-05,0.0
2020-04-20,1.3398570447575864e-15,0.0
2020-04-22,-2.200762707257474e-05,0.0
2020-04-23,6.873841773558098e-16,0.0
2020-04-24,-9.536182791144425e-05,2.0
2020-04-27,-5.314759049523943e-16,2.0
2020-04-28,0.000145080539059,0.0
2020-04-29,1.5235208927766308e-15,0.0
2020-04-30,-7.25401574934669e-05,0.0
2020-05-04,1.3394233638885922e-15,1.0
2020-05-05,6.606354977743895e-05,1.0
2020-05-06,1.6189306839553552e-15,0.0
2020-05-07,-6.524804998222144e-05,0.0
2020-05-08,1.6171959604793784e-15,0.0
2020-05-11,4.892438590202181e-06,0.0
2020-05-12,3.892285799222961e-16,0.0
2020-05-13,-8.167321729178351e-07,1.0
2020-05-14,1.162915250207952e-15,1.0
2020-05-15,-7.503527988695605e-05,0.0
2020-05-18,5.178149575790769e-16,0.0
2020-05-19,-7.99282786509278e-05,0.0
2020-05-20,1.2589755626901676e-15,2.0
2020-05-21,0.0001011336260143,2.0
2020-05-22,1.5005358067199381e-15,1.0
2020-05-25,8.15596143420947e-05,0.0
2020-05-26,7.49834222490975e-16,0.0
2020-05-27,5.872315535982277e-05,2.0
2020-05-28,1.771586349841314e-16,2.0
2020-05-29,-2.202118325813642e-05,2.0
2020-06-01,7.322701472967097e-16,2.0
2020-06-02,0.0001297631696689,2.0
2020-06-03,2.502338614096544e-16,2.0
2020-06-04,6.121032329707782e-05,2.0
2020-06-05,2.883544097942448e-15,0.0
2020-06-08,8.977421468274157e-05,0.0
2020-06-09,3.1667377053956614e-15,0.0
2020-06-10,-9.875154651983829e-05,0.0
2020-06-12,1.0174153186603974e-15,2.0
2020-06-15,-4.9783915276592657e-05,2.0
2020-06-16,-2.0079424234431542e-16,1.0
2020-06-17,2.6932219594496144e-05,2.0
2020-06-18,1.1423154089307277e-15,0.0
2020-06-19,4.4069254819869945e-05,0.0
2020-06-22,6.25367813089639e-16,0.0
2020-06-23,-2.937950321184237e-05,0.0
2020-06-24,1.912966313133424e-15,0.0
2020-06-25,2.5299427451573164e-05,1.0
2020-06-26,1.1852498149611534e-15,1.0
2020-06-29,6.284087474665379e-05,2.0
2020-06-30,2.0812344903031743e-15,1.0
2020-07-01,5.430451105941639e-05,2.0
2020-07-02,7.663140955127545e-16,1.0
2020-07-03,-4.082540523927137e-06,1.0
2020-07-06,5.28656979303932e-16,1.0
2020-07-07,-0.0001110587704969,0.0
2020-07-08,1.987993103469421e-15,1.0
2020-07-09,8.158358990179027e-07,1.0
2020-07-10,1.330532906074211e-15,1.0
2020-07-13,-3.266413337469319e-05,0.0
2020-07-14,1.6224001309073088e-15,1.0
2020-07-15,1.5515894688430346e-05,1.0
2020-07-16,2.1952925588486494e-15,1.0
2020-07-17,1.95982111441664e-05,0.0
2020-07-20,-2.1293730667615307e-16,0.0
2020-07-21,3.919754263328025e-05,0.0
2020-07-22,9.60169443953163e-16,0.0
2020-07-23,-4.654566743642671e-05,0.0
2020-07-24,2.5799674896465064e-15,2.0
2020-07-27,0.0001086083499073,2.0
2020-07-28,-5.872038966181492e-16,0.0
2020-07-29,5.307997297080303e-05,0.0
2020-07-30,8.417745667177456e-16,0.0
2020-07-31,-7.512793249342354e-05,0.0
2020-08-03,2.978086527383184e-15,0.0
2020-08-04,-0.0001299121756752,0.0
2020-08-05,1.0299920638612292e-15,0.0
2020-08-06,2.94131135920978e-05,0.0
2020-08-07,3.0270924655795284e-15,0.0
2020-08-10,2.696358927747368e-05,0.0
2020-08-11,5.963111948670274e-16,0.0
2020-08-12,-2.3695540232647905e-05,0.0
2020-08-13,1.4888264232570949e-15,0.0
2020-08-14,1.879245835907e-05,0.0
2020-08-17,-6.496539417533145e-16,0.0
2020-08-18,1.252053784199774e-05,0.0
2020-08-19,2.1501897484732524e-15,0.0
2020-08-20,2.1501897484732524e-15,1.0
2020-08-21,1.3227266504323154e-16,1.0
2020-08-24,3.2755105465543614e-05,0.0
2020-08-25,1.1965255175550029e-15,0.0
2020-08-26,-4.176111815995575e-05,0.0
2020-08-27,-8.413408858487514e-16,2.0
2020-08-28,2.047140875295096e-05,0.0
2020-08-31,7.643625316022806e-16,2.0
2020-09-01,6.595902150464549e-05,2.0
2020-09-02,8.096821824121747e-16,1.0
2020-09-03,4.834270229137029e-05,0.0
2020-09-04,8.599891632155021e-16,0.0
2020-09-08,-4.588533555194155e-05,0.0
2020-09-09,1.3266297782532632e-15,0.0
2020-09-10,-4.260877188036688e-05,0.0
2020-09-11,7.268491364342824e-16,0.0
2020-09-14,3.4414113701345186e-05,0.0
2020-09-15,-1.533061871894503e-16,0.0
2020-09-16,-5.734602613364668e-06,0.0
2020-09-17,8.20741044571527e-16,0.0
2020-09-18,-4.83442707731594e-05,0.0
2020-09-21,1.3788883229670645e-15,2.0
2020-09-22,1.6386515500499887e-05,1.0
2020-09-23,2.3570555229834866e-15,0.0
2020-09-24,4.506546641192986e-05,2.0
2020-09-25,9.48026379621325e-16,2.0
2020-09-28,-8.186367608581033e-07,0.0
2020-09-29,1.3543853538688921e-15,0.0
2020-09-30,8.194322079988544e-06,1.0
2020-10-01,-6.628812082576374e-16,2.0
2020-10-02,5.739196035215019e-06,2.0
2020-10-05,2.242346933134521e-15,2.0
2020-10-06,3.2795886059776725e-06,2.0
2020-10-07,7.253312533928027e-16,2.0
2020-10-08,0.0001123291307372,2.0
2020-10-09,3.1181654480683108e-16,0.0
2020-10-13,-1.885766248966485e-05,0.0
2020-10-14,-7.15573433840433e-18,0.0
2020-10-15,-1.7218820479416664e-05,2.0
2020-10-16,1.4814538484841933e-15,2.0
2020-10-19,2.049784891410868e-05,2.0
2020-10-20,1.893450674028685e-15,2.0
2020-10-21,1.80380174166243e-05,2.0
2020-10-22,1.6280379822042337e-15,2.0
2020-10-23,-2.7058146470099013e-05,0.0
2020-10-26,7.602425633468357e-16,0.0
2020-10-27,-5.9854480665015846e-05,0.0
2020-10-28,1.7696347859308405e-15,0.0
2020-10-29,9.840222268032864e-06,2.0
2020-10-30,1.2611439670351388e-15,2.0
2020-11-03,4.717530184417465e-05,2.0
2020-11-04,1.887379141862766e-15,2.0
2020-11-05,4.840566573043395e-05,2.0
2020-11-06,2.390015269027046e-15,2.0
2020-11-09,0.0001698327895618,2.0
2020-11-10,1.775489477662262e-15,2.0
2020-11-11,-1.969097578210805e-05,0.0
2020-11-12,2.3852447794681098e-17,1.0
2020-11-13,4.34833139073324e-05,1.0
2020-11-16,4.397524011601206e-16,1.0
2020-11-17,1.6404104948583922e-06,1.0
2020-11-18,1.337038119109124e-15,1.0
2020-11-19,3.2810450559628106e-06,1.0
2020-11-23,2.750837752030222e-15,1.0
2020-11-24,6.645667916306856e-05,1.0
2020-11-25,2.9945664004049632e-15,0.0
2020-11-26,-5.086751384727464e-05,2.0
2020-11-27,1.3010426069826053e-18,2.0
2020-11-30,-3.281806890405e-05,2.0
2020-12-01,1.6609977282477928e-16,2.0
2020-12-02,1.887894906465624e-05,1.0
2020-12-03,1.8197249262996706e-15,2.0
2020-12-04,2.462587548503724e-05,2.0
2020-12-07,1.6805133673525319e-15,1.0
2020-12-08,-6.567019631401831e-06,1.0
2020-12-09,2.0495757868665976e-15,2.0
2020-12-10,8.290806269148961e-05,2.0
2020-12-11,2.0196518069059977e-15,1.0
2020-12-14,-3.454698672427812e-05,1.0
2020-12-15,7.103692634125025e-16,1.0
2020-12-16,4.8529800060702864e-05,1.0
2020-12-17,1.3214256078253328e-15,0.0
2020-12-18,-4.1121176548850925e-06,0.0
2020-12-21,2.174909558005922e-15,2.0
2020-12-22,1.2338369596430044e-05,1.0
2020-12-23,-1.102416768983261e-15,0.0
2020-12-28,1.8918385240633377e-05,0.0
2020-12-29,3.694961003830599e-16,0.0
2020-12-30,-3.866000065806848e-05,0.0
2021-01-04,2.52358897667726e-15,0.0
2021-01-05,-1.6459001879921917e-05,2.0
2021-01-06,2.1597307275911246e-16,2.0
2021-01-07,0.0001012216852034,2.0
2021-01-08,2.4836903367297936e-15,0.0
2021-01-11,-6.0897746783372415e-05,0.0
2021-01-12,1.324027693039298e-15,0.0
2021-01-13,-4.361573879244725e-05,0.0
2021-01-14,7.706509042026966e-16,0.0
2021-01-15,-0.0001012214611312,0.0
2021-01-18,6.245004513516508e-16,0.0
2021-01-19,-3.0448089148654364e-05,0.0
2021-01-20,1.3027773304585821e-15,0.0
2021-01-21,-3.3740337663115336e-05,0.0
2021-01-22,1.6362779187151233e-15,0.0
2021-01-26,-7.99487809786544e-05,0.0
2021-01-27,2.1311077902375075e-15,2.0
2021-01-28,9.397528780537723e-05,1.0
2021-01-29,2.2169766022983603e-15,0.0
2021-02-01,6.227196309011897e-05,0.0
2021-02-02,-1.1071872585421973e-15,0.0
2021-02-03,-1.1545612820948892e-05,0.0
2021-02-04,3.5969491274379095e-15,0.0
2021-02-05,-9.8960154905842e-06,0.0
2021-02-08,3.0808688933348094e-15,1.0
2021-02-09,2.7218131871351373e-05,1.0
2021-02-10,5.659535340374333e-16,1.0
2021-02-11,5.659535340374333e-16,0.0
2021-02-12,2.3436114160446664e-15,0.0
2021-02-17,2.886705699220276e-05,0.0
2021-02-18,1.6865848995184509e-15,0.0
2021-02-19,-2.39200575539336e-05,0.0
2021-02-22,1.04864034122798e-15,0.0
2021-02-23,0.0001352645162663,2.0
2021-02-24,9.341485918135106e-16,0.0
2021-02-25,-6.928263970330372e-05,0.0
2021-02-26,1.639313684798083e-15,0.0
2021-03-01,-6.349201978949129e-05,0.0
2021-03-02,6.613633252161577e-16,2.0
2021-03-03,4.979265399489719e-06,2.0
2021-03-04,1.2910679469957389e-15,2.0
2021-03-05,8.216594555347486e-05,1.0
2021-03-08,1.826663820203578e-15,1.0
2021-03-09,3.0708233473761976e-05,1.0
2021-03-10,8.469787371456763e-16,1.0
2021-03-11,3.3204812324859508e-06,0.0
2021-03-12,3.2335245592207684e-15,1.0
2021-03-15,2.6558920329810068e-05,1.0
2021-03-16,8.257283745649604e-16,1.0
2021-03-17,8.71465553671652e-05,2.0
2021-03-18,2.5387678070920568e-15,0.0
2021-03-19,4.978817260020176e-06,0.0
2021-03-22,9.24173931826644e-16,0.0
2021-03-23,-5.9757458708265074e-05,0.0
2021-03-24,5.902396627011086e-16,1.0
2021-03-25,3.983748422029714e-05,2.0
2021-03-26,2.0014372104082408e-15,1.0
2021-03-29,-8.31968877415979e-07,0.0
2021-03-30,3.1654366627886787e-15,0.0
2021-03-31,-4.573095188369113e-05,0.0
2021-04-01,6.375108774214766e-16,0.0
2021-04-05,2.911734227251713e-05,0.0
2021-04-06,2.0105445086571202e-15,0.0
2021-04-07,-1.996523646333008e-05,1.0
2021-04-08,1.6753091969246016e-15,1.0
2021-04-09,-3.3269792366623537e-06,2.0
2021-04-12,9.597357630841685e-16,2.0
2021-04-13,-8.317448084937083e-07,1.0
2021-04-14,2.584737979205442e-16,1.0
2021-04-15,2.584737979205442e-16,1.0
2021-04-16,4.3151246464923076e-16,1.0
2021-04-19,-3.494157255763382e-05,0.0
2021-04-20,1.7780915628762273e-17,1.0
2021-04-22,8.333132955136609e-07,1.0
2021-04-23,1.981921571303502e-16,1.0
2021-04-26,-1.6630414785552376e-06,0.0
2021-04-27,2.931682674400804e-15,0.0
2021-04-28,9.807933897302938e-05,0.0
2021-04-29,2.3028454143592114e-16,0.0
2021-04-30,1.750764566077435e-05,2.0
2021-05-03,1.6974269212433057e-15,0.0
2021-05-04,-9.92608557748376e-05,0.0
2021-05-05,8.352693536828326e-16,2.0
2021-05-06,-1.4179770144431315e-05,1.0
2021-05-07,1.2685165418080402e-15,2.0
2021-05-10,3.419878321640627e-05,2.0
2021-05-11,1.99926880606327e-15,2.0
2021-05-12,-3.419878321325124e-05,2.0
2021-05-13,1.850516267998259e-15,2.0
2021-05-14,5.255049748884846e-05,1.0
2021-05-17,1.6644671751997464e-15,0.0
2021-05-18,-5.00458521231293e-06,1.0
2021-05-19,1.923808334858279e-15,2.0
2021-05-20,1.3344888369860516e-05,1.0
2021-05-21,2.507976465393469e-15,1.0
2021-05-24,-6.674348769615968e-06,0.0
2021-05-25,1.091574747258406e-15,2.0
2021-05-26,3.3419918733176585e-05,2.0
2021-05-27,9.939965517347105e-16,2.0
2021-05-28,4.010547096333812e-05,2.0
2021-05-31,1.8925833122906965e-15,2.0
2021-06-01,8.98620498048508e-05,2.0
2021-06-02,3.298576689569899e-15,2.0
2021-06-04,5.517210693821006e-05,2.0
2021-06-07,2.0816681711721685e-15,2.0
2021-06-08,-1.9225808157271457e-05,2.0
2021-06-09,-5.82433407059213e-16,2.0
2021-06-10,-1.003135327707792e-05,0.0
2021-06-11,3.809019072376074e-15,0.0
2021-06-14,-9.195351153790544e-06,2.0
2021-06-15,2.276390881350565e-15,2.0
2021-06-16,5.433700108956789e-05,2.0
2021-06-17,1.5569143196891844e-15,0.0
2021-06-18,-5.015587012226295e-05,0.0
2021-06-21,1.2728533504979822e-15,0.0
2021-06-22,-3.5109400374727043e-05,0.0
2021-06-23,9.63205210036122e-16,0.0
2021-06-24,8.357780574238562e-07,0.0
2021-06-25,4.080503296366445e-15,0.0
2021-06-28,-2.925738550640889e-05,0.0
2021-06-29,-9.961649560796817e-16,0.0
2021-06-30,-2.925693736890696e-05,0.0
2021-07-01,7.385585198971256e-16,0.0
2021-07-02,2.67617029444992e-05,0.0
2021-07-05,2.1306741093685133e-15,0.0
2021-07-06,-4.181130963823356e-06,2.0
2021-07-07,1.5703584266280046e-15,2.0
2021-07-08,-3.261909546729792e-05,2.0
2021-07-12,7.385585198971256e-16,2.0
2021-07-13,1.5053864032903066e-05,2.0
2021-07-14,3.0787004889898384e-15,0.0
2021-07-15,-3.0108848404294345e-05,0.0
2021-07-16,1.4124985903141152e-15,0.0
2021-07-19,-1.4218085974617486e-05,1.0
2021-07-20,2.6324428747948053e-16,2.0
2021-07-21,1.0036058734693484e-05,2.0
2021-07-22,2.8536201179818477e-16,0.0
2021-07-23,-6.69137802848576e-06,2.0
2021-07-26,2.134143556320467e-15,2.0
2021-07-27,2.4254592848914087e-05,2.0
2021-07-28,3.221815175757925e-15,2.0
2021-07-29,-1.3380963504886888e-05,0.0
2021-07-30,5.568462357885551e-16,0.0
2021-08-02,1.5480043617989436e-05,0.0
2021-08-03,1.1986939218999737e-15,0.0
2021-08-04,-7.196228306928162e-05,0.0
2021-08-05,1.1882855810441129e-15,1.0
2021-08-06,7.02884862707736e-05,2.0
2021-08-09,2.1983283249316088e-15,1.0
2021-08-10,-4.9369611355948567e-05,0.0
2021-08-11,1.0937431516033769e-15,1.0
2021-08-12,-4.853338516283643e-05,0.0
2021-08-13,2.478052485432869e-15,0.0
2021-08-16,-2.8223978434380355e-05,0.0
2021-08-17,1.9489618252599428e-15,0.0
2021-08-18,5.037523387661606e-06,0.0
2021-08-19,1.6414820891430537e-15,0.0
2021-08-20,-9.233218845554943e-06,2.0
2021-08-23,2.308483265656136e-15,1.0
2021-08-24,7.052711995087424e-05,1.0
2021-08-25,4.666406150377611e-16,1.0
2021-08-26,-6.296926638527968e-05,0.0
2021-08-27,1.4372183998467849e-15,0.0
2021-08-30,-1.8472263492255205e-05,0.0
2021-08-31,1.8474805019153e-15,0.0
2021-09-01,1.1339917313954798e-05,0.0
2021-09-02,6.722053469410127e-16,0.0
2021-09-03,-1.4279929068162537e-05,0.0
2021-09-06,1.6965595595053173e-15,0.0
2021-09-08,-0.0001201210245605,0.0
2021-09-09,2.125036258071589e-17,0.0
2021-09-10,-2.4359681292278945e-05,0.0
2021-09-13,1.3964523981613297e-15,0.0
2021-09-14,-1.511996443900182e-05,0.0
2021-09-15,1.3296655443362226e-15,0.0
2021-09-16,-1.6816392207586947e-06,0.0
2021-09-17,2.379606928171185e-15,0.0
2021-09-20,-5.292088384809554e-05,2.0
2021-09-21,9.302454639925628e-16,2.0
2021-09-22,5.2920659782433686e-05,2.0
2021-09-23,7.467984564080157e-16,2.0
2021-09-24,-3.360051849184056e-05,2.0
2021-09-27,4.2760933682828295e-16,2.0
2021-09-28,-5.5439421471082e-05,0.0
2021-09-29,2.1289393858925365e-15,0.0
2021-09-30,2.5207783176249728e-06,0.0
2021-10-01,6.739400704169898e-16,0.0
2021-10-04,-0.00044795843962,1.0
2021-10-05,3.0227556568895864e-15,0.0
2021-10-06,6.723643992459331e-06,1.0
2021-10-07,1.190453985389084e-15,0.0
2021-10-08,1.5127806862483708e-05,1.0
2021-10-11,6.704706234650359e-16,1.0
2021-10-13,2.521898662013848e-06,1.0
2021-10-14,2.5313952323191558e-15,1.0
2021-10-15,5.210684050663316e-05,0.0
2021-10-18,3.0227556568895864e-15,0.0
2021-10-19,-4.958740660392352e-05,0.0
2021-10-20,1.821459649775648e-15,0.0
2021-10-21,-4.286241819646298e-05,0.0
2021-10-22,-3.3393426912553537e-17,0.0
2021-10-25,3.866067286698331e-05,1.0
2021-10-26,1.9801868478275253e-15,1.0
2021-10-27,1.5128254998996414e-05,0.0
2021-10-28,1.010042743887496e-15,0.0
2021-10-29,-4.7065283871809954e-05,0.0
2021-11-01,5.186823193170653e-16,0.0
2021-11-03,1.934434075974608e-05,0.0
2021-11-04,5.5099154405713355e-16,0.0
2021-11-05,-2.3549223056132688e-05,0.0
2021-11-08,1.2604934457316477e-15,1.0
2021-11-09,-1.934546110256871e-05,1.0
2021-11-10,9.783840404509192e-16,1.0
2021-11-11,-4.204658227011798e-06,0.0
2021-11-12,-6.25150972655142e-16,0.0
2021-11-16,-2.018661681732893e-05,0.0
2021-11-17,6.74373751285984e-16,0.0
2021-11-18,-3.196100427524081e-05,0.0
2021-11-19,3.269953752216281e-16,2.0
2021-11-22,4.642377382144645e-06,2.0
2021-11-23,1.5822846505253452e-15,2.0
2021-11-24,5.107164087955773e-05,2.0
2021-11-25,1.3804062060085442e-15,0.0
2021-11-26,-3.745383624316348e-05,0.0
2021-11-29,2.85275275624386e-15,0.0
2021-11-30,-2.383289464154541e-05,1.0
2021-12-01,4.3563243290467563e-16,2.0
2021-12-02,7.155649378026729e-05,2.0
2021-12-03,1.32836450172924e-15,0.0
2021-12-06,2.300047762783834e-05,0.0
2021-12-07,-4.718447854656915e-16,0.0
2021-12-08,-1.8740922444708888e-05,0.0
2021-12-09,1.882825492738327e-15,0.0
2021-12-10,2.5561812475843448e-06,0.0
2021-12-13,-7.021293269016129e-16,0.0
2021-12-14,1.789013175681033e-05,0.0
2021-12-15,-2.131541471106501e-16,0.0
2021-12-16,1.87423788961165e-05,0.0
2021-12-17,8.469787371456763e-16,0.0
2021-12-20,-2.8110823494405503e-05,1.0
2021-12-21,1.994498316504334e-15,1.0
2021-12-22,6.815064220746635e-06,1.0
2021-12-23,1.9519975913429018e-15,1.0
2021-12-27,1.8740474307471933e-05,0.0
2021-12-28,1.9006064083670893e-15,0.0
2021-12-29,-1.5332942196087272e-05,0.0
2021-12-30,1.2958384365546749e-15,2.0
2022-01-03,4.924939824167696e-05,2.0
2022-01-04,-2.012279232133096e-16,2.0
2022-01-05,-3.580872029564086e-05,0.0
2022-01-06,1.0243542125643046e-15,2.0
2022-01-07,4.1776803003466985e-05,2.0
2022-01-10,2.3895815881580523e-16,2.0
2022-01-11,4.34817454242546e-05,2.0
2022-01-12,8.864436962241484e-16,1.0
2022-01-13,3.665995912824002e-05,2.0
2022-01-14,-4.0766001685454967e-17,1.0
2022-01-17,-4.0766001685454967e-17,0.0
2022-01-18,8.144526719711109e-16,0.0
2022-01-19,-1.3642452241465104e-05,0.0
2022-01-20,9.913944665207453e-16,0.0
2022-01-21,8.525832447666901e-07,2.0
2022-01-24,1.209969624493823e-16,2.0
2022-01-25,7.161632025112731e-05,2.0
2022-01-26,6.661338147750939e-16,2.0
2022-01-27,1.0231222992658495e-05,2.0
2022-01-28,1.5178830414797062e-15,2.0
2022-01-31,4.6039271084484176e-05,2.0
2022-02-01,6.448834521943779e-16,0.0
2022-02-02,-3.412775328290535e-05,0.0
2022-02-03,4.948298715223842e-16,0.0
2022-02-04,6.825371402175307e-06,0.0
2022-02-07,3.7773603689394974e-16,0.0
2022-02-08,2.388868787142574e-05,0.0
2022-02-09,1.1319070680748666e-15,2.0
2022-02-10,4.010009330541412e-05,2.0
2022-02-11,1.3006089261136113e-15,1.0
2022-02-14,-5.119084567977664e-06,0.0
2022-02-15,1.4259426972529354e-15,0.0
2022-02-16,-2.389048042248862e-05,0.0
2022-02-17,6.0715321659188256e-18,0.0
2022-02-18,8.531658235400204e-06,0.0
2022-02-21,1.160963686297478e-15,0.0
2022-02-22,1.9945294308163723e-05,0.0
2022-02-23,2.0127129130020904e-15,0.0
2022-02-24,-3.670611737721435e-05,2.0
2022-02-25,3.569627232691275e-15,0.0
2022-03-02,-3.607760331719072e-05,0.0
2022-03-03,1.5911751083397265e-15,0.0
2022-03-04,-3.246045448754417e-05,0.0
2022-03-07,1.3825746103535153e-15,2.0
2022-03-08,-1.9647730430161908e-05,2.0
2022-03-09,2.0166160408230386e-15,2.0
2022-03-10,1.70785531849061e-06,2.0
2022-03-11,5.273559366969496e-16,2.0
2022-03-14,2.989732709827824e-05,2.0
2022-03-15,2.0166160408230386e-15,2.0
2022-03-16,4.185701977146069e-05,2.0
2022-03-17,-5.204170427930421e-18,2.0
2022-03-18,1.623089945284109e-05,2.0
2022-03-21,1.820592288037659e-15,2.0
2022-03-22,3.160652682984797e-05,1.0
2022-03-23,3.402226417259513e-15,1.0
2022-03-24,1.5375627380444668e-05,1.0
2022-03-25,2.807216264999468e-15,1.0
2022-03-28,-1.7085275227208228e-06,1.0
2022-03-29,-1.8171228410857047e-16,0.0
2022-03-30,5.126030714399602e-06,0.0
2022-03-31,1.6388800039290885e-15,0.0
2022-04-01,6.637825495496488e-06,0.0
2022-04-04,1.0390993621101074e-15,0.0
2022-04-05,-4.70121794767988e-05,0.0
2022-04-06,3.829402073218801e-16,0.0
2022-04-07,-1.7096478698267088e-06,0.0
2022-04-08,1.0234868508263162e-15,0.0
2022-04-11,-8.548687489820864e-06,0.0
2022-04-12,2.259043646590797e-15,0.0
2022-04-13,5.983767550531583e-06,0.0
2022-04-14,9.172350379227368e-16,0.0
2022-04-18,1.282168682523654e-05,0.0
2022-04-19,1.4940305936850253e-15,0.0
2022-04-20,1.453133469335498e-05,0.0
2022-04-22,1.5157146371347352e-15,0.0
2022-04-25,-8.54644679937561e-06,0.0
2022-04-26,2.3288662664988635e-15,0.0
2022-04-27,-1.7095806499035048e-05,0.0
2022-04-28,1.958069123508821e-15,0.0
2022-04-29,-3.675474039078032e-05,0.0
2022-05-02,4.193694003173931e-16,0.0
2022-05-03,1.0265281509236248e-05,0.0
2022-05-04,-8.977193988179977e-17,0.0
2022-05-05,-4.704758240811928e-05,0.0
2022-05-06,9.60169443953163e-16,2.0
2022-05-09,-2.9083283751546625e-05,0.0
2022-05-10,1.003537530852583e-15,2.0
2022-05-11,6.672197707495182e-05,2.0
2022-05-12,1.7186772838240216e-15,2.0
2022-05-13,2.48069233866415e-05,1.0
2022-05-16,-1.0269562977782698e-15,2.0
2022-05-17,1.881867445530268e-05,0.0
2022-05-18,1.3201245652183502e-15,2.0
2022-05-19,-6.842848796550366e-06,2.0
2022-05-20,1.7446981359636737e-15,2.0
2022-05-23,5.560097535533366e-05,2.0
2022-05-24,1.2559397966072085e-15,1.0
2022-05-25,-4.020361326430473e-05,1.0
2022-05-26,1.8669961410200386e-15,1.0
2022-05-27,1.1974705308953702e-05,0.0
2022-05-30,1.031726787337206e-15,0.0
2022-05-31,2.052921859996065e-05,0.0
2022-06-01,1.3314002678121994e-15,0.0
2022-06-02,9.415835233017762e-06,0.0
2022-06-03,1.3717325886286602e-15,0.0
2022-06-06,-7.703274460110852e-06,0.0
2022-06-07,2.445960101127298e-15,0.0
2022-06-08,-4.194373454513567e-05,0.0
2022-06-09,1.5404344466674049e-15,0.0
2022-06-10,-4.622211153680784e-05,0.0
2022-06-13,7.97105437211343e-16,0.0
2022-06-14,-1.369667698341518e-05,0.0
2022-06-15,2.0860049798621103e-16,0.0
2022-06-17,-2.568034506131777e-05,2.0
2022-06-20,1.4649739754624136e-15,2.0
2022-06-21,-2.225455131256004e-05,0.0
2022-06-22,1.7052331768852014e-15,0.0
2022-06-23,-4.707872802348079e-05,0.0
2022-06-24,2.372234353398284e-15,0.0
2022-06-27,1.1983892147596382e-05,0.0
2022-06-28,1.883042333172824e-15,0.0
2022-06-29,-2.054423123513515e-05,0.0
2022-06-30,9.009720053354542e-16,0.0
2022-07-01,1.6931787858356874e-05,2.0
2022-07-04,1.1407975258892478e-15,1.0
2022-07-05,1.3706311961081798e-05,1.0
2022-07-06,1.5701415861935077e-15,0.0
2022-07-07,2.741284798958945e-05,0.0
2022-07-08,7.78023478975598e-16,0.0
2022-07-11,-3.169682670946684e-05,0.0
2022-07-12,7.756382341961301e-16,0.0
2022-07-13,-7.709996536448471e-06,0.0
2022-07-14,8.643259719054441e-16,2.0
2022-07-15,3.4266228038631625e-05,2.0
2022-07-18,5.607493636095029e-16,2.0
2022-07-19,6.59612621960637e-05,2.0
2022-07-20,5.637851296924623e-17,0.0
2022-07-21,1.627660956608854e-05,1.0
2022-07-22,-1.1839487723541708e-16,1.0
2022-07-25,2.912630503823987e-05,1.0
2022-07-26,6.683022191200649e-16,1.0
2022-07-27,6.853155981229476e-06,1.0
2022-07-28,1.2065001775418693e-15,2.0
2022-07-29,-6.853604117660651e-06,0.0
2022-08-01,-2.1076890233118206e-16,0.0
2022-08-02,2.1432217410153297e-05,2.0
2022-08-03,2.1727411536609511e-16,2.0
2022-08-04,4.97229684613674e-05,2.0
2022-08-05,5.178149575790769e-16,2.0
2022-08-08,2.6575053312096093e-05,2.0
2022-08-09,1.355686396475875e-15,2.0
2022-08-10,4.114985742855858e-05,2.0
2022-08-11,1.908629504443482e-15,1.0
2022-08-12,2.7433910495091533e-05,2.0
2022-08-15,1.2490009027033013e-15,2.0
2022-08-16,2.657572552150836e-05,0.0
2022-08-17,2.0148813173470614e-15,0.0
2022-08-18,-6.858533638776608e-06,0.0
2022-08-19,2.5045070184415152e-15,0.0
2022-08-22,-2.601151931424248e-05,1.0
2022-08-23,9.60603124822157e-16,1.0
2022-08-24,9.537952939381918e-06,0.0
2022-08-25,4.597017211338539e-16,0.0
2022-08-26,-1.387257129448552e-05,0.0
2022-08-29,1.648420983046961e-15,0.0
2022-08-30,-1.0404876607647464e-05,0.0
2022-08-31,1.0625181290357943e-15,0.0
2022-09-01,3.450127661331747e-05,2.0
2022-09-02,2.834104478877109e-15,2.0
2022-09-05,3.730819127510101e-05,1.0
2022-09-06,1.3699978651526834e-15,1.0
2022-09-08,-1.6485217974427247e-05,1.0
2022-09-09,9.710114656780178e-16,1.0
2022-09-12,2.8631784350050937e-05,0.0
2022-09-13,2.0729945537922845e-15,2.0
2022-09-14,-8.676182857764517e-06,2.0
2022-09-15,1.775055796793268e-15,2.0
2022-09-16,-7.807018491374964e-06,2.0
2022-09-19,1.5478070214403061e-15,2.0
2022-09-20,7.982240596269468e-05,2.0
2022-09-21,1.872200311447969e-15,0.0
2022-09-22,4.945565392637562e-05,0.0
2022-09-23,1.872200311447969e-15,0.0
2022-09-26,-5.2924917094062784e-05,0.0
2022-09-27,2.2594773274597912e-15,2.0
2022-09-28,-8.67371808641916e-07,2.0
2022-09-29,2.6684383869213235e-15,2.0
2022-09-30,1.1278298288043989e-05,2.0
2022-10-03,3.95820529131008e-15,2.0
2022-10-04,4.341116362979302e-06,0.0
2022-10-05,1.5308934675495323e-16,0.0
2022-10-06,-4.6881323071723807e-05,0.0
2022-10-07,8.309325449928906e-16,0.0
2022-10-10,-2.691272556905322e-05,0.0
2022-10-11,1.2975731600306517e-15,0.0
2022-10-13,-1.4758540845347806e-05,2.0
2022-10-14,2.314121116953061e-15,2.0
2022-10-17,1.9967701228678497e-05,2.0
2022-10-18,3.1780134079895106e-15,2.0
2022-10-19,8.689402971918947e-07,2.0
2022-10-20,8.283304597789254e-16,2.0
2022-10-21,8.681739773644826e-05,0.0
2022-10-24,2.298508605669269e-16,0.0
2022-10-25,-2.0836417447948376e-05,0.0
2022-10-26,2.7352252407464306e-15,2.0
2022-10-27,4.60139512671663e-05,2.0
2022-10-28,-1.4441572937506922e-16,2.0
2022-10-31,7.466276487378852e-05,2.0
2022-11-01,1.4307131868118717e-15,0.0
2022-11-03,-1.911018845753747e-05,0.0
2022-11-04,4.83554168928535e-16,0.0
2022-11-07,-5.9938506607278095e-05,0.0
2022-11-08,1.3274971399912516e-15,0.0
2022-11-09,-0.0001233527743946,0.0
2022-11-10,8.938162709970499e-16,0.0
2022-11-11,-7.731126261852376e-05,0.0
2022-11-14,-4.722784663346857e-16,0.0
2022-11-16,-3.3009648057044736e-05,0.0
2022-11-17,1.2797922444018894e-15,1.0
2022-11-18,1.8242368514735565e-05,0.0
2022-11-21,2.9841580595491024e-15,0.0
2022-11-22,-3.82214972645136e-05,0.0
2022-11-23,9.324138683375338e-16,0.0
2022-11-24,8.078747193740726e-05,0.0
2022-11-25,3.3024798173908465e-15,0.0
2022-11-28,-4.082719780020743e-05,0.0
2022-11-29,1.186550857568136e-15,1.0
2022-11-30,2.2585501499278186e-05,1.0
2022-12-01,1.7230140925139636e-15,1.0
2022-12-02,3.0424113750739543e-05,0.0
2022-12-05,1.639747365667077e-15,0.0
2022-12-06,5.128652322393271e-05,0.0
2022-12-07,1.119764003743029e-15,0.0
2022-12-08,-7.910404015738174e-05,0.0
2022-12-09,2.9243100996279026e-15,0.0
2022-12-12,-2.0388055014106208e-05,0.0
2022-12-13,-3.694961003830599e-16,0.0
2022-12-14,8.86484911178688e-06,2.0
2022-12-15,1.1011157263762785e-15,2.0
2022-12-16,2.304932470899258e-05,2.0
2022-12-19,5.078402975922103e-16,2.0
2022-12-20,2.304842843274665e-05,1.0
2022-12-21,1.317522480004385e-15,1.0
2022-12-22,4.43208845305864e-06,1.0
2022-12-23,1.025221574302293e-15,0.0
2022-12-26,-4.432357334289115e-05,0.0
2022-12-27,1.4909948276020657e-15,0.0
2022-12-28,4.432312520663475e-05,0.0
2022-12-29,2.2898349882893854e-15,0.0
2023-01-02,-4.367758188715716e-05,2.0
2023-01-03,7.038640503775895e-16,0.0
2023-01-04,6.209629286193976e-06,2.0
2023-01-05,5.499073418846478e-16,2.0
2023-01-06,3.814531374599778e-05,2.0
2023-01-09,8.092485015431805e-16,2.0
2023-01-10,4.3468077204455134e-05,2.0
2023-01-11,1.452830911130576e-15,0.0
2023-01-12,-3.2822998425867216e-05,2.0
2023-01-13,7.45931094670027e-16,1.0
2023-01-16,-2.483874120553544e-05,1.0
2023-01-17,8.244273319579778e-16,1.0
2023-01-18,4.169434554460215e-05,0.0
2023-01-19,9.905271047827569e-16,0.0
2023-01-20,-4.16943455427872e-05,0.0
2023-01-23,1.843143693225357e-15,0.0
2023-01-24,2.040306765223581e-05,0.0
2023-01-25,2.800277371095561e-15,0.0
2023-01-26,-1.3306348467455232e-05,0.0
2023-01-27,2.0929438737660178e-15,0.0
2023-01-30,8.873139677951017e-07,1.0
2023-01-31,1.663599813461758e-15,0.0
2023-02-01,-2.950318940230304e-05,0.0
2023-02-02,6.570265165262157e-16,2.0
2023-02-03,-7.988962670234332e-06,0.0
2023-02-06,3.4976362084382373e-15,0.0
2023-02-07,-5.148751328069986e-05,2.0
2023-02-08,1.7546727959505404e-15,2.0
2023-02-09,-5.8589386052247845e-05,0.0
2023-02-10,8.517492267046123e-16,2.0
2023-02-13,8.07832146215437e-05,2.0
2023-02-14,3.2179120479369768e-15,1.0
2023-02-15,3.4621601764230764e-05,0.0
2023-02-16,-1.8518173106052416e-16,0.0
2023-02-17,-7.990979292618171e-06,0.0
2023-02-22,3.2179120479369768e-15,0.0
2023-02-23,8.877172916844922e-06,0.0
2023-02-24,1.1466522176206697e-15,0.0
2023-02-27,-2.9295029129130023e-05,0.0
2023-02-28,1.1501216645726233e-15,0.0
2023-03-01,-3.662926164745006e-05,0.0
2023-03-02,2.6333102365327928e-15,0.0
2023-03-03,2.664854801121691e-06,1.0
2023-03-06,7.923349476524066e-16,0.0
2023-03-07,6.217471707604168e-06,0.0
2023-03-08,1.5595164049031496e-15,0.0
2023-03-09,-4.264081377306807e-05,0.0
2023-03-10,1.4675760606763788e-15,0.0
2023-03-13,-2.576168217487129e-05,0.0
2023-03-14,1.3287981825982342e-15,1.0
2023-03-15,-5.330157737558697e-06,1.0
2023-03-16,4.111294638065033e-16,0.0
2023-03-17,-6.129479737738454e-05,0.0
2023-03-20,3.183217578417441e-16,1.0
2023-03-21,4.263946935999154e-05,0.0
2023-03-22,2.385678460337104e-15,0.0
2023-03-23,-5.241179866331087e-05,0.0
2023-03-24,1.3439770130130313e-15,2.0
2023-03-27,3.593957670366748e-05,2.0
2023-03-28,1.871332949709981e-15,2.0
2023-03-29,2.0665676734509583e-05,2.0
2023-03-30,-2.3418766925686896e-16,1.0
2023-03-31,1.078198504501568e-05,0.0
2023-04-03,2.069958787709325e-15,0.0
2023-04-04,4.315908579701671e-05,2.0
2023-04-05,1.4289784633358948e-15,2.0
2023-04-06,-7.1930689292246976e-06,2.0
2023-04-10,1.992329912159363e-15,2.0
2023-04-11,7.193113745547226e-05,2.0
2023-04-12,1.654926196081874e-15,1.0
2023-04-13,1.654926196081874e-15,0.0
2023-04-14,1.237725200109452e-15,1.0
2023-04-17,-4.4952759589425226e-06,0.0
2023-04-18,2.3505503099485736e-15,0.0
2023-04-19,-3.686587870519245e-05,0.0
2023-04-20,2.685785621681092e-15,1.0
2023-04-24,-2.067979308976618e-05,0.0
2023-04-25,2.685785621681092e-15,0.0
2023-04-26,-2.3376241645942705e-05,0.0
2023-04-27,2.216109240560371e-16,0.0
2023-04-28,1.1689465240816417e-05,0.0
2023-05-02,1.7793926054832103e-15,0.0
2023-05-03,-3.5987751563549587e-06,2.0
2023-05-04,2.907396545737129e-15,2.0
2023-05-05,8.367751626606537e-05,2.0
2023-05-08,1.0950441942103597e-15,1.0
2023-05-09,1.4396445046380244e-05,2.0
2023-05-10,1.089840023782429e-15,1.0
2023-05-11,2.3394391253656145e-05,1.0
2023-05-12,8.855763344861601e-16,1.0
2023-05-15,8.997049930581542e-06,0.0
2023-05-16,2.0213865303819745e-15,0.0
2023-05-17,2.4293356815823734e-05,0.0
2023-05-18,1.3574211199518516e-15,0.0
2023-05-19,-1.97944957466634e-05,0.0
2023-05-22,2.4572358037211472e-15,0.0
2023-05-23,1.8895082045724924e-05,2.0
2023-05-24,3.390083352927676e-15,2.0
2023-05-25,7.468024226735303e-05,0.0
2023-05-26,-4.250072516143178e-17,0.0
2023-05-29,-1.0796997678330124e-05,0.0
2023-05-30,1.0924421089963945e-15,0.0
2023-05-31,-1.889463390409652e-05,2.0
2023-06-01,1.3955850364233413e-15,2.0
2023-06-02,3.511455397035932e-05,2.0
2023-06-05,-7.324869877312068e-16,1.0
2023-06-06,1.710656182271229e-05,1.0
2023-06-07,2.892651396191326e-15,2.0
2023-06-09,3.421357178165756e-05,2.0
2023-06-12,5.84601811404184e-16,2.0
2023-06-13,2.791117785253504e-05,2.0
2023-06-14,3.297275646962916e-15,2.0
2023-06-15,3.331303773184682e-05,2.0
2023-06-16,1.8110513089197866e-15,2.0
2023-06-19,3.511410582865242e-05,2.0
2023-06-20,1.790668308077059e-15,0.0
2023-06-21,2.544372800447831e-05,0.0
2023-06-22,1.790668308077059e-15,0.0
2023-06-23,-8.17830112852377e-06,0.0
2023-06-26,2.894819800536297e-15,0.0
2023-06-27,-2.907790609147373e-05,0.0
2023-06-28,1.332701310419182e-15,2.0
2023-06-29,3.089577938113252e-05,2.0
2023-06-30,3.052245955981192e-15,1.0
2023-07-03,5.07048396257816e-05,2.0
2023-07-04,4.085707466794375e-15,0.0
2023-07-05,2.273226681612445e-05,0.0
2023-07-06,3.22441726097189e-15,0.0
2023-07-07,4.910095240953953e-05,0.0
2023-07-10,2.380474289909173e-15,0.0
2023-07-11,-4.63722378873095e-05,0.0
2023-07-12,2.7000970903579002e-15,0.0
2023-07-13,2.8187455157151382e-05,0.0
2023-07-14,1.1093556628871681e-15,0.0
2023-07-17,5.000910480895942e-05,0.0
2023-07-18,2.7000970903579002e-15,0.0
2023-07-19,-2.7277510201377704e-05,0.0
2023-07-20,-2.072994553792284e-16,2.0
2023-07-21,4.6372237890714325e-05,1.0
2023-07-24,2.001870891277236e-15,0.0
2023-07-25,5.455412416031577e-06,0.0
2023-07-26,1.4784180824012338e-15,0.0
2023-07-27,-5.819255952915726e-05,0.0
2023-07-28,2.001870891277236e-15,2.0
2023-07-31,9.092503403059296e-06,0.0
2023-08-01,2.3869795029440866e-15,0.0
2023-08-02,-8.187936104232102e-06,0.0
2023-08-03,3.002806336915853e-15,0.0
2023-08-04,-4.731019148802515e-05,0.0
2023-08-07,1.1666015375944028e-15,0.0
2023-08-08,-5.45899751681813e-06,0.0
2023-08-09,1.252470349655255e-15,0.0
2023-08-10,8.188608316398241e-06,0.0
2023-08-11,2.1566949615081654e-15,0.0
2023-08-14,-3.639152424335856e-05,0.0
2023-08-15,-7.090682208055199e-16,0.0
2023-08-16,-1.819441769783641e-06,0.0
2023-08-17,1.401222887720266e-15,0.0
2023-08-18,1.9105707079046085e-05,2.0
2023-08-21,9.861902960928148e-16,2.0
2023-08-22,3.821253450404186e-05,2.0
2023-08-23,1.6306400674181989e-15,0.0
2023-08-24,-2.9114653436638355e-05,0.0
2023-08-25,1.508775743230828e-15,0.0
2023-08-28,8.279378740517129e-05,2.0
2023-08-29,1.7039321342782188e-15,0.0
2023-08-30,-4.913030546825061e-05,0.0
2023-08-31,1.0217521273503394e-15,0.0
2023-09-01,2.1636120369143697e-05,0.0
2023-09-04,4.96564594998361e-16,0.0
2023-09-05,-3.732701308402147e-05,0.0
2023-09-06,1.440254165929744e-15,0.0
2023-09-08,3.641124234878435e-06,2.0
2023-09-11,2.5821358939914774e-15,2.0
2023-09-12,1.4567185765324182e-05,1.0
2023-09-13,2.615095640035037e-15,1.0
2023-09-14,-1.001544436667664e-05,0.0
2023-09-15,2.560451850541768e-15,0.0
2023-09-18,-6.372751650165001e-06,0.0
2023-09-19,4.570996359198887e-16,0.0
2023-09-20,4.229216212830924e-05,0.0
2023-09-21,5.43835809718729e-16,0.0
2023-09-22,-6.435939159408176e-06,0.0
2023-09-25,2.618131406117996e-15,0.0
2023-09-26,-3.6776251032411954e-05,0.0
2023-09-27,1.4857906571741353e-15,1.0
2023-09-28,6.435894346476078e-05,2.0
2023-09-29,3.217912047936977e-16,0.0
2023-10-02,-2.321625624776818e-05,0.0
2023-10-03,2.593411596585326e-16,2.0
2023-10-04,5.6119919586069926e-05,2.0
2023-10-05,1.945492378307989e-15,2.0
2023-10-06,2.3920729764133865e-05,1.0
2023-10-09,6.132247487578013e-16,1.0
2023-10-10,-2.7600842021678965e-06,0.0
2023-10-11,9.575673587391977e-16,0.0
2023-10-13,-2.6679469547938664e-05,0.0
2023-10-16,1.4203048459560108e-15,0.0
2023-10-17,-3.77200304319575e-05,0.0
2023-10-18,3.626873107398509e-15,0.0
2023-10-19,2.852042196557725e-05,2.0
2023-10-20,2.319325287380991e-15,2.0
2023-10-23,2.759636066058946e-06,2.0
2023-10-24,9.944302326037049e-16,0.0
2023-10-25,4.6005884789209785e-06,1.0
2023-10-26,1.9953656782423224e-15,0.0
2023-10-27,-3.7720254501431415e-05,0.0
2023-10-30,6.643990912991171e-16,0.0
2023-10-31,-2.3920057555623653e-05,2.0
2023-11-01,2.5678244253146687e-15,2.0
2023-11-03,6.904512637092132e-05,2.0
2023-11-06,3.206636345343128e-15,2.0
2023-11-07,7.272792747255435e-05,2.0
2023-11-08,2.553079275768866e-15,2.0
2023-11-09,1.1967311028171414e-05,2.0
2023-11-10,5.941427905220564e-16,2.0
2023-11-13,-1.8411764813962457e-05,2.0
2023-11-14,3.8484840314545465e-15,2.0
2023-11-16,4.418890776584656e-05,2.0
2023-11-17,2.7521387946372045e-15,2.0
2023-11-20,2.7618319432099785e-05,1.0
2023-11-21,1.4879590615191065e-15,1.0
2023-11-22,1.7491512681700166e-05,0.0
2023-11-23,2.478486166301863e-15,0.0
2023-11-24,-1.565078433345352e-05,2.0
2023-11-27,4.193694003173931e-15,2.0
2023-11-28,2.7618319433759912e-05,2.0
2023-11-29,1.8023776915399026e-15,1.0
2023-11-30,4.418935590339186e-05,1.0
2023-12-01,6.74807432154978e-16,1.0
2023-12-04,3.684817725889064e-06,2.0
2023-12-05,7.541710311809169e-16,1.0
2023-12-06,-2.579193151437892e-05,0.0
2023-12-07,2.467644144577008e-15,2.0
2023-12-08,3.713677835295252e-05,2.0
2023-12-11,1.237725200109452e-15,0.0
2023-12-12,-1.4855562801491425e-05,2.0
2023-12-13,-3.686287386450715e-16,2.0
2023-12-14,2.506706770866434e-05,0.0
2023-12-15,4.380610457710432e-15,1.0
2023-12-18,1.4854442459388916e-05,2.0
2023-12-19,2.1415161310933684e-15,0.0
2023-12-20,-3.156686658049423e-05,2.0
2023-12-21,-1.713039432527097e-16,2.0
2023-12-22,4.827660188228911e-05,2.0
2023-12-26,1.463672932855431e-15,0.0
2023-12-27,2.135312099192958e-05,0.0
2023-12-28,3.9044288635547986e-15,0.0
2024-01-02,-4.016104011850133e-05,0.0
2024-01-03,3.5236570605778894e-15,0.0
2024-01-04,-2.0435333609421843e-05,1.0
2024-01-05,1.7273509012039057e-15,1.0
2024-01-08,-3.343986088758704e-05,0.0
2024-01-09,1.4584687624275006e-15,1.0
2024-01-10,-2.787196573135562e-06,1.0
2024-01-11,3.0097452308197603e-16,0.0
2024-01-12,3.715739271755413e-06,0.0
2024-01-15,3.2378613679107104e-15,0.0
2024-01-16,-4.365786379855168e-05,0.0
2024-01-17,1.775055796793268e-15,0.0
2024-01-18,-1.3004303208085427e-05,0.0
2024-01-19,3.608658510900753e-15,0.0
2024-01-22,-5.016057557419946e-05,0.0
2024-01-23,1.984089975648473e-15,1.0
2024-01-24,-1.3933742179308725e-05,0.0
2024-01-25,1.2060664966728753e-15,1.0
2024-01-26,4.45870787057546e-05,2.0
2024-01-29,1.3817072486155269e-15,0.0
2024-01-30,-1.950723905054779e-05,2.0
2024-01-31,1.839674246273404e-15,2.0
2024-02-01,-6.723643988715798e-06,0.0
2024-02-02,-9.974659986866641e-17,2.0
2024-02-05,5.762297566668049e-05,2.0
2024-02-06,5.099219657633825e-15,2.0
2024-02-07,-2.323485398754172e-05,0.0
2024-02-08,4.023257421659211e-15,0.0
2024-02-09,3.996408330978829e-05,2.0
2024-02-14,1.840107927142398e-15,2.0
2024-02-15,2.695171361104731e-05,2.0
2024-02-16,4.573598444412852e-15,2.0
2024-02-19,3.5316888441821494e-05,2.0
2024-02-20,2.121133130250641e-15,2.0
2024-02-21,-1.858833133093008e-05,0.0
2024-02-22,3.481590016285452e-15,0.0
2024-02-23,9.598003480550468e-06,1.0
2024-02-26,2.9451267813396242e-15,0.0
2024-02-27,4.031340716884697e-05,0.0
2024-02-28,3.348016308635237e-16,0.0
2024-02-29,-8.254395026482085e-05,0.0
2024-03-01,2.02919278602387e-15,0.0
2024-03-04,-2.4967356916827128e-05,0.0
2024-03-05,2.2260839005472377e-15,1.0
2024-03-06,3.5532442996368766e-05,0.0
2024-03-07,3.648990831717214e-15,2.0
2024-03-08,2.9769607666071778e-05,2.0
2024-03-11,5.427082394593441e-15,2.0
2024-03-12,1.3445719499891907e-05,1.0
2024-03-13,5.059321017686358e-15,1.0
2024-03-14,-1.9209451086387927e-06,0.0
2024-03-15,-9.267760170406092e-16,0.0
2024-03-18,1.3444823226276253e-05,0.0
2024-03-19,2.2573089231148202e-15,0.0
2024-03-20,6.7220755077487294e-06,0.0
2024-03-21,7.298849025172416e-16,0.0
2024-03-22,-4.624765542189874e-05,0.0
2024-03-25,1.3960187172923357e-15,2.0
2024-03-26,6.479610244428244e-05,2.0
2024-03-27,9.93129189996722e-17,0.0
2024-03-28,5.803167789553924e-06,0.0
2024-04-01,3.5687598709532864e-15,0.0
2024-04-02,3.871019215599073e-06,0.0
2024-04-03,1.0625181290357943e-15,0.0
2024-04-04,-4.25747133629582e-05,0.0
2024-04-05,2.533997317533121e-15,1.0
2024-04-08,4.741303924883774e-05,0.0
2024-04-09,1.6835491334354913e-15,0.0
2024-04-10,-6.869961168531804e-05,0.0
2024-04-11,1.5877056613877729e-15,0.0
2024-04-12,-3.2898733805833327e-05,0.0
2024-04-15,3.1138286393783687e-15,0.0
2024-04-16,-2.32223061153395e-05,1.0
2024-04-17,5.2909066017292616e-17,1.0
2024-04-18,3.870347009615922e-06,1.0
2024-04-19,3.200131132308215e-15,0.0
2024-04-22,-1.9355096056322164e-06,1.0
2024-04-23,-1.6653345369377348e-16,2.0
2024-04-24,-1.3546550630717802e-05,0.0
2024-04-25,3.1892891105833602e-15,1.0
2024-04-26,5.128293812051935e-05,1.0
2024-04-29,4.880644499660747e-15,0.0
2024-04-30,-5.805654953444043e-05,2.0
2024-05-02,2.192690473634684e-15,2.0
2024-05-03,3.872632514049373e-05,2.0
2024-05-06,1.749034944653616e-15,2.0
2024-05-07,6.486646016695729e-05,2.0
2024-05-08,1.782428371566169e-16,0.0
2024-05-09,-9.68151406354708e-05,0.0
2024-05-10,2.475450400218904e-15,2.0
2024-05-13,3.872610106901882e-05,1.0
2024-05-14,3.1784470888585048e-15,1.0
2024-05-15,-8.713378338523741e-06,0.0
2024-05-16,-1.3487475025719675e-16,0.0
2024-05-17,9.677548081549366e-07,0.0
2024-05-20,1.647987302177967e-15,0.0
2024-05-21,-1.6459001879381985e-05,0.0
2024-05-22,3.069159509871966e-15,0.0
2024-05-23,-2.8076316840803302e-05,0.0
2024-05-24,2.222614453595284e-15,0.0
2024-05-27,-1.0649560157444027e-05,0.0
2024-05-28,1.7672495411513722e-15,0.0
2024-05-29,-2.129956845054468e-05,1.0
2024-05-31,1.5729605118419698e-15,1.0
2024-06-03,4.239545801902047e-05,1.0
2024-06-04,3.898791012257874e-16,1.0
2024-06-05,-5.812130551933418e-06,0.0
2024-06-06,5.061055741162335e-16,0.0
2024-06-07,-4.359153932108383e-05,0.0
2024-06-10,3.402226417259513e-15,0.0
2024-06-11,3.390525258474076e-05,0.0
2024-06-12,1.1457848558826809e-15,0.0
2024-06-13,-3.1966606004299285e-05,0.0
2024-06-14,3.657664449097098e-15,2.0
2024-06-17,7.362196351351231e-05,2.0
2024-06-18,2.266849902232693e-15,2.0
2024-06-19,2.421717329666997e-05,2.0
2024-06-20,4.345915988190896e-15,0.0
2024-06-21,2.157853458912293e-05,2.0
2024-06-24,8.578207588705311e-16,1.0
2024-06-25,9.76403874766111e-06,0.0
2024-06-26,3.430415673744136e-15,2.0
2024-06-27,5.859185085279987e-06,1.0
2024-06-28,1.43158054854986e-15,1.0
2024-07-01,-1.4882675171677596e-05,2.0
2024-07-02,8.517492267046123e-16,2.0
2024-07-03,1.9538384675723067e-05,1.0
2024-07-04,3.399624332045548e-15,0.0
2024-07-05,1.953659213963215e-06,0.0
2024-07-08,1.117595599398058e-15,2.0
2024-07-09,2.246898552258529e-05,2.0
2024-07-10,3.792539199354295e-15,2.0
2024-07-11,1.95381606032702e-05,2.0
2024-07-12,1.1423154089307277e-15,2.0
2024-07-15,1.2700017256690906e-05,2.0
2024-07-16,4.111728318934027e-15,2.0
2024-07-17,3.614639256327131e-05,2.0
2024-07-18,1.476683358925257e-15,1.0
2024-07-19,2.5399586376451903e-05,1.0
2024-07-22,4.377141010758479e-15,0.0
2024-07-23,-4.88470820039907e-06,1.0
2024-07-24,2.3735353960052663e-15,0.0
2024-07-25,-1.4653452397653517e-05,0.0
2024-07-26,4.377141010758479e-15,2.0
2024-07-29,2.442286880450931e-05,0.0
2024-07-30,-4.618701254788249e-16,0.0
2024-07-31,-4.6891854324271776e-05,0.0
2024-08-01,1.5929098318157033e-15,0.0
2024-08-02,-4.105171512016085e-05,0.0
2024-08-05,4.9209768204772075e-15,2.0
2024-08-06,7.135191861724335e-05,2.0
2024-08-07,1.5803330866148713e-15,0.0
2024-08-08,-1.1729797687777196e-05,2.0
2024-08-09,6.275362174346102e-16,2.0
2024-08-12,4.887172964508895e-06,2.0
2024-08-13,3.251739155718525e-15,2.0
2024-08-14,8.6013213437903e-05,2.0
2024-08-15,1.3834419720915037e-15,1.0
2024-08-16,-3.0299531278418952e-05,0.0
2024-08-19,-7.021293269016129e-16,0.0
2024-08-20,2.6391316586707545e-05,0.0
2024-08-21,-1.973247953923618e-15,0.0
2024-08-22,-3.323304502994822e-05,2.0
2024-08-23,3.266917986133322e-15,0.0
2024-08-26,7.818894163824728e-06,1.0
2024-08-27,-7.190428807923865e-16,1.0
2024-08-28,7.721670542537844e-05,2.0
2024-08-29,-7.021293269016129e-16,0.0
2024-08-30,-2.5412806454053107e-05,1.0
2024-09-02,7.84528692010511e-16,2.0
2024-09-03,5.7695125946458526e-05,2.0
2024-09-04,2.324095776939928e-15,1.0
2024-09-05,2.3469678502873164e-05,0.0
2024-09-06,4.1000189354711836e-15,0.0
2024-09-09,3.520395757215366e-05,1.0
2024-09-10,3.404394821604484e-16,1.0
2024-09-11,6.845089493550272e-06,0.0
2024-09-12,3.2873009869760494e-15,0.0
2024-09-13,3.911127604698181e-06,0.0
2024-09-16,7.32920668600201e-16,0.0
2024-09-17,-8.800989389142443e-06,0.0
2024-09-18,5.031131761201735e-15,0.0
2024-09-19,-9.778603238707034e-06,0.0
2024-09-20,1.237725200109452e-15,0.0
2024-09-23,-2.06896521344176e-05,2.0
2024-09-24,2.964642420444364e-15,2.0
2024-09-25,4.433612121915696e-05,2.0
2024-09-26,3.626873107398509e-15,0.0
2024-09-27,1.3793026738395576e-05,0.0
2024-09-30,1.5243882545146192e-15,0.0
2024-10-01,-5.838884413193616e-05,0.0
2024-10-02,3.891852118353967e-15,0.0
2024-10-03,-8.674390304102154e-05,0.0
2024-10-04,1.821025968906653e-15,1.0
2024-10-07,2.2671768136788267e-05,0.0
2024-10-08,1.6835491334354913e-15,0.0
2024-10-09,-6.407213490294394e-05,0.0
2024-10-10,1.971079549578647e-15,1.0
2024-10-11,-2.5628585076941084e-05,1.0
2024-10-14,4.590945679172621e-15,1.0
2024-10-15,3.9428333890621954e-05,1.0
2024-10-16,1.4563003580825296e-15,0.0
2024-10-17,6.899986442358667e-06,2.0
2024-10-18,4.244434664846253e-15,1.0
2024-10-21,-1.7742470158623683e-05,0.0
2024-10-22,1.609823385706477e-15,2.0
2024-10-23,2.1685863727163163e-05,2.0
2024-10-24,2.667571025183335e-15,1.0
2024-10-25,-3.942900609630153e-05,0.0
2024-10-28,5.52075746229619e-16,0.0
2024-10-29,-3.745764541865327e-05,0.0
2024-10-30,6.314393452555578e-16,0.0
2024-10-31,-2.2671319992683545e-05,0.0
2024-11-01,2.6901224303710336e-15,2.0
2024-11-04,4.63527438740014e-05,2.0
2024-11-05,3.835039924515726e-15,0.0
2024-11-06,-1.6765752591569542e-05,0.0
2024-11-07,-3.6038880213418167e-16,0.0
2024-11-08,-5.522879643766977e-05,0.0
2024-11-11,2.918672248330978e-15,0.0
2024-11-12,-4.142120520221528e-05,0.0
2024-11-13,-8.439429710627166e-16,0.0
2024-11-14,-9.86285325282974e-06,1.0
2024-11-18,5.147358234092181e-15,1.0
2024-11-19,3.0573119756174914e-05,0.0
2024-11-21,1.4714791884973266e-15,2.0
2024-11-22,9.861956977705744e-06,0.0
2024-11-25,1.1401470045857565e-15,2.0
2024-11-26,6.410440087711031e-05,0.0
2024-11-27,8.821068875342064e-16,0.0
2024-11-28,-0.0001203191017168,0.0
2024-11-29,-5.043708506402569e-16,0.0
2024-12-02,-4.562317460637044e-05,2.0
2024-12-03,1.4476267407026457e-15,2.0
2024-12-04,1.973489334686652e-05,2.0
2024-12-05,3.308117668687771e-15,2.0
2024-12-06,-6.709908551034115e-05,0.0
2024-12-09,1.834903756714468e-15,2.0
2024-12-10,4.388731064605298e-05,2.0
2024-12-11,3.0227556568895864e-16,0.0
2024-12-12,-8.26824250191034e-05,0.0
2024-12-13,2.961606654361404e-15,0.0
2024-12-16,-3.4865837169909594e-05,0.0
2024-12-17,-5.828670879282072e-16,0.0
2024-12-18,-9.065144553331572e-05,0.0
2024-12-19,3.2846989017620842e-15,1.0
2024-12-20,3.5861376556429146e-05,0.0
2024-12-23,2.6120598739520773e-15,0.0
2024-12-26,1.992355959769569e-05,0.0
2024-12-27,2.6042536183101817e-15,0.0
2024-12-30,-4.9808338820566365e-06,0.0
2025-01-02,1.880440247958859e-15,0.0
2025-01-03,-7.475575357867789e-05,2.0
2025-01-06,1.4688771032833614e-15,2.0
2025-01-07,3.3889119604715075e-05,0.0
2025-01-08,3.118599128937305e-15,0.0
2025-01-09,7.973725973157552e-06,0.0
2025-01-10,2.785532221549758e-15,0.0
2025-01-13,2.1928306584962764e-05,2.0
2025-01-14,1.1679025802013854e-15,2.0
2025-01-15,0.0001335633830236,2.0
2025-01-16,2.854921160588831e-15,1.0
2025-01-17,2.2925190383704924e-05,1.0
2025-01-20,2.342744054306678e-15,2.0
2025-01-21,6.97684217029846e-06,1.0
2025-01-22,1.9650080174127282e-15,0.0
2025-01-23,-6.977066232696869e-06,2.0
2025-01-24,-3.621235256101585e-16,2.0
2025-01-27,7.774618090680566e-05,2.0
2025-01-28,-1.873501354054952e-15,2.0
2025-01-29,-7.973501896737373e-06,2.0
2025-01-30,-3.642919299551295e-16,2.0
2025-01-31,-2.192830658073741e-05,0.0
2025-02-03,-1.2763227974499358e-15,0.0
2025-02-04,1.1967311027865236e-05,2.0
2025-02-05,1.182214048878194e-15,0.0
2025-02-06,5.983319413336262e-06,2.0
2025-02-07,3.744834303764932e-15,0.0
2025-02-10,3.68992650146365e-05,2.0
2025-02-11,1.5313271484185265e-15,0.0
2025-02-12,-9.573781599798168e-05,0.0
2025-02-13,4.16984155537925e-15,2.0
2025-02-14,8.975337624954642e-05,2.0
2025-02-17,3.257377007015449e-15,0.0
2025-02-18,-5.812354618988259e-06,0.0
2025-02-19,-1.6401810465360713e-15,0.0
2025-02-20,-9.403287356205513e-06,0.0
2025-02-21,5.191160001860595e-16,0.0
2025-02-24,-1.880590250601241e-05,0.0
2025-02-25,3.0730626376929138e-15,0.0
2025-02-26,-8.358452755105085e-06,0.0
2025-02-27,3.095614042880613e-15,0.0
2025-02-28,-8.358206279250515e-05,0.0
2025-03-05,1.6627324517237696e-15,1.0
2025-03-06,6.272368660451867e-06,2.0
2025-03-07,-4.766152750246277e-16,2.0
2025-03-10,3.031544019535407e-05,2.0
2025-03-11,-4.766152750246277e-16,0.0
2025-03-12,1.045394776368969e-05,2.0
2025-03-13,2.688821387764051e-15,2.0
2025-03-14,0.0001128983784973,2.0
2025-03-17,2.654126918244515e-15,2.0
2025-03-18,1.986082022538416e-05,1.0
2025-03-19,1.3379054808471125e-15,0.0
2025-03-20,-3.4496571156809094e-05,1.0
2025-03-21,2.7334905172704538e-15,0.0
2025-03-24,3.449769151789555e-06,0.0
2025-03-25,3.5605199344423966e-15,0.0
2025-03-26,-4.024596234133201e-05,0.0
2025-03-27,1.249000902703301e-16,0.0
2025-03-28,-5.059504572248533e-05,0.0
2025-03-31,3.146354704552934e-15,0.0
2025-04-01,8.801437561020524e-07,0.0
2025-04-02,8.795048023202412e-16,0.0
2025-04-03,6.442974932681193e-05,0.0
2025-04-04,-1.3361707573711357e-15,0.0
2025-04-07,6.9031234098157306e-06,2.0
2025-04-08,1.6557935578198624e-15,0.0
2025-04-09,6.558056865685769e-05,2.0
2025-04-10,8.118505867571457e-16,2.0
2025-04-11,1.8408851919352043e-05,2.0
2025-04-14,5.6061925934880455e-15,2.0
2025-04-15,4.717126859928337e-05,2.0
2025-04-16,2.576931723563547e-15,2.0
2025-04-17,6.90312341142512e-06,2.0
2025-04-22,3.349317351242221e-15,2.0
2025-04-23,8.053673852407217e-05,2.0
2025-04-24,1.5178830414797062e-15,2.0
2025-04-25,-1.495706614013624e-05,1.0
2025-04-28,2.994132719535969e-15,2.0
2025-04-29,3.221487466370174e-05,0.0
2025-04-30,5.654331169946403e-15,0.0
2025-05-02,-1.0630290209018465e-05,0.0
2025-05-05,3.1502578323738817e-15,0.0
2025-05-06,-2.071967740301453e-05,2.0
2025-05-07,3.3219954564955856e-15,2.0
2025-05-08,3.223055951052066e-05,2.0
2025-05-09,1.5621184901171148e-15,2.0
2025-05-12,-8.633251201896602e-05,0.0
2025-05-13,2.0122792321330962e-15,2.0
2025-05-14,2.8778101526724664e-05,2.0
2025-05-15,5.770557642836849e-15,2.0
2025-05-16,2.532429912870896e-05,0.0
2025-05-19,2.643718577388654e-15,0.0
2025-05-20,-5.7558891853430605e-06,0.0
2025-05-21,1.9272777818102327e-15,0.0
2025-05-22,-2.9928920845747123e-05,0.0
2025-05-23,1.8691645453650096e-15,2.0
2025-05-26,9.20924344837478e-06,1.0
2025-05-27,5.9934696094998695e-16,0.0
2025-05-28,-3.568391375709332e-05,0.0
2025-05-29,2.5838706174674538e-15,0.0
2025-05-30,-6.907156649545339e-06,0.0
2025-06-02,1.829265905417543e-15,0.0
2025-06-03,-1.3819690966017892e-05,0.0
2025-06-04,1.3357370765021417e-15,0.0
2025-06-05,-5.182406519520927e-05,0.0
2025-06-06,5.099219657633825e-15,0.0
2025-06-09,-2.1881700188013976e-05,2.0
2025-06-10,2.112893193739751e-15,0.0
2025-06-11,3.835661098730917e-05,2.0
2025-06-12,2.725250580759564e-15,2.0
2025-06-13,-5.114244674007777e-05,2.0
2025-06-16,1.6861512186494565e-15,2.0
2025-06-17,2.5571223372974905e-05,0.0
2025-06-18,1.6861512186494565e-15,0.0
2025-06-20,-2.2084258731638884e-05,2.0
2025-06-23,5.214578768786282e-15,0.0
2025-06-24,8.020018660418946e-05,0.0
2025-06-25,2.6350449600087704e-15,0.0
2025-06-26,-3.1382681707858504e-05,0.0
2025-06-27,2.7434651772573204e-15,2.0
2025-06-30,7.903816382399172e-05,2.0
2025-07-01,7.130580848002666e-15,2.0
2025-07-02,-3.4886675603608246e-05,0.0
2025-07-03,7.265889279128857e-15,2.0
2025-07-04,2.325389987502431e-06,0.0
2025-07-07,2.3071822230491534e-15,0.0
2025-07-08,-1.0465823420645335e-05,0.0
2025-07-09,1.812786032395764e-15,0.0
2025-07-10,-0.0001302424536499,0.0
2025-07-11,1.6176296413483726e-15,0.0
2025-07-14,-6.977066236177158e-06,1.0
2025-07-15,8.751679936302994e-16,1.0
2025-07-16,1.976827965626416e-05,1.0
2025-07-17,3.651592916931179e-16,1.0
2025-07-18,-7.558705025339976e-05,0.0
2025-07-21,-1.0980799602933189e-15,0.0
2025-07-22,-5.581832245682948e-05,0.0
2025-07-23,4.3428802221079366e-15,0.0
2025-07-24,-3.83749846539572e-05,0.0
2025-07-25,1.9888604652074093e-15,0.0
2025-07-28,-8.605287367678596e-05,0.0
2025-07-29,3.8571576488344306e-15,2.0
2025-07-30,4.6515418097351456e-05,2.0
2025-07-31,3.995935526912575e-15,2.0
2025-08-01,-2.470586817867552e-05,0.0
2025-08-04,-1.2836953722228372e-16,2.0
2025-08-05,4.537490595677568e-05,2.0
2025-08-06,1.8388068845354155e-16,2.0
2025-08-07,7.446132667458805e-05,2.0
2025-08-08,4.916206330918271e-15,2.0
